time,throttle,brake,speed,x,y
0,0,0.454719,-0.000229,0,0
0.05,0,0.454719,-0.000229,0,0
0.1,0,0.454719,-0.000229,0,0
0.15,0,0.454719,-0.000229,-8.71847624477062e-16,1.19306691262477e-14
0.2,0,0.454719,-0.000229,-8.71847624477062e-16,1.19306691262477e-14
0.25,0,0.454719,-0.000229,-8.71847624477062e-16,1.19306691262477e-14
0.3,0,0.454719,-0.000229,-2.3767337924141e-15,4.82459124734325e-15
0.35,0,0.454719,-0.000229,-2.3767337924141e-15,4.82459124734325e-15
0.4,0,0.334173,-0.000229,8.53483950180589e-16,5.77099132370584e-15
0.45,0,4.70959074798387,-0.000229,8.53483950180589e-16,5.77099132370584e-15
0.5,0,5.45100008218216,-0.000229,4.16606040030271e-15,1.76776995819417e-14
0.55,0,6.37652113440515,-0.000229,4.16606040030271e-15,1.76776995819417e-14
0.6,0,6.83566601131542,-0.000229,4.16606040030271e-15,1.76776995819417e-14
0.65,0,7.30890902859381,-0.000229,1.96820641382156e-15,-5.36354814728579e-15
0.7,0,7.283131,-0.000229,1.96820641382156e-15,-5.36354814728579e-15
0.75,0,7.364004,-0.000229,1.96820641382156e-15,-5.36354814728579e-15
0.8,0,7.14490718000623,-0.000229,1.49560268683513e-15,5.85274016751125e-15
0.85,0,7.00214609495056,-0.000229,1.49560268683513e-15,5.85274016751125e-15
0.9,0,6.83006259929656,-0.000229,1.49560268683513e-15,5.85274016751125e-15
0.95,0,6.77958707497946,-0.000229,-5.78164361005051e-16,8.37150444452095e-15
1,0,6.62128767703349,-0.000229,-5.78164361005051e-16,8.37150444452095e-15
1.05,0,6.48389691495584,-0.000229,-5.78164361005051e-16,8.37150444452095e-15
1.1,0,6.20639322737819,-0.000229,-5.78164361005051e-16,8.37150444452095e-15
1.15,0,5.95497299442332,-0.000229,4.16606040030271e-15,1.76776995819417e-14
1.2,0,5.7014140091668,-0.000229,4.16606040030271e-15,1.76776995819417e-14
1.25,0,5.38809835351304,-0.000229,4.16606040030271e-15,1.76776995819417e-14
1.3,0,5.0139805244476,-0.000229,-2.3767337924141e-15,4.82459124734325e-15
1.35,0,4.38971120085929,-0.000229,-2.3767337924141e-15,4.82459124734325e-15
1.4,0,4.3008097102034,-0.000229,-3.04433128012205e-15,-1.32879818259823e-14
1.45,0,4.06415939020957,-0.000229,-3.04433128012205e-15,-1.32879818259823e-14
1.5,0,3.85898865607196,-0.000229,-3.04433128012205e-15,-1.32879818259823e-14
1.55,0,3.68410493917674,-0.000229,-2.48228087390556e-15,1.97975316695853e-15
1.6,0,3.62166980533333,-0.000229,-2.48228087390556e-15,1.97975316695853e-15
1.65,0,3.60198567574434,-0.000229,-2.48228087390556e-15,1.97975316695853e-15
1.7,0,3.61199908132406,-0.000229,-2.48228087390556e-15,1.97975316695853e-15
1.75,0,3.556878,-0.000229,7.38558519897126e-16,1.67357447344862e-15
1.8,0,3.37518714515281,-0.000229,7.38558519897126e-16,1.67357447344862e-15
1.85,0,3.3270212835621,-0.000229,7.38558519897126e-16,1.67357447344862e-15
1.9,0,3.2788554219714,-0.000229,2.07380770542165e-15,-2.51860164668383e-15
1.95,0,2.94904189222655,-0.000229,2.07380770542165e-15,-2.51860164668383e-15
2,0,2.4022201638681,-0.000229,2.07380770542165e-15,-2.51860164668383e-15
2.05,0,1.29579314300744,-0.000229,1.23653257771972e-15,8.48735144665103e-15
2.1,0,0.644257587816536,-0.000229,1.23653257771972e-15,8.48735144665103e-15
2.15,0,0.369675526352427,-0.000229,1.23653257771972e-15,8.48735144665103e-15
2.2,0,0.00469541125588517,-0.000229,7.47801343417565e-16,2.92637008375563e-15
2.25,0,0,-0.000229,7.47801343417565e-16,2.92637008375563e-15
2.3,0,0,-0.000229,7.47801343417565e-16,2.92637008375563e-15
2.35,0,0,-0.000229,-0.0792849137845453,5.06797525820502e-10
2.4,0,0,-0.000229,-0.0792849137845453,5.06797525820502e-10
2.45,0,0,-0.000229,-0.0792849137845453,5.06797525820502e-10
2.5,0,0,-0.000229,-0.0792849137299465,5.06797096476441e-10
2.55,0,0,-0.000229,-0.0792849137299465,5.06797096476441e-10
2.6,0,0,-0.000229,-0.0792849137299465,5.06797096476441e-10
2.65,0,0,-0.000229,-0.0792849137162961,5.06791789089966e-10
2.7,0,0,-0.000229,-0.0792849137162961,5.06791789089966e-10
2.75,0,0,-0.000229,-0.0792849137162961,5.06791789089966e-10
2.8,0,0,-0.000229,-0.0792849135413181,5.06788378244142e-10
2.85,0,0.0588027164948466,-0.000229,-0.0792849135413181,5.06788378244142e-10
2.9,0,0,-0.000229,-0.0792849135413181,5.06788378244142e-10
2.95,0.00269532971165905,0.00955178748596531,-0.000229,-0.0792849135450397,5.06795178251748e-10
3,0.0249434545276937,0,-0.000229,-0.0792849135450397,5.06795178251748e-10
3.05,0.0407122846517239,0,-0.000229,-0.0792849135450397,5.06795178251748e-10
3.1,0.0650012988843218,0,-0.000190516189161209,-0.0792849134743033,5.06804443030362e-10
3.15,0.0920742709652902,0,0.00895131078894598,-0.0792849134743033,5.06804443030362e-10
3.2,0.108500487040851,0.0095363968042613,0.0624343141969103,-0.0792849133911615,5.06791089996406e-10
3.25,0.114544085085546,0.00747644843598659,0.0922522617522527,-0.0792849133911615,5.06791089996406e-10
3.3,0.133812754727102,0,0.121856575445174,-0.0792849134259083,5.06795284557771e-10
3.35,0.142686745713455,0.00585273604651177,0.18443909134092,-0.0792849134259083,5.06795284557771e-10
3.4,0.142997202984774,0,0.243606383857298,-0.0792849134259083,5.06795284557771e-10
3.45,0.142857769503187,0,0.287521306106343,2.45693764812371e-15,1.97758476261356e-16
3.5,0.143315110692967,0,0.349509580070531,2.45693764812371e-15,1.97758476261356e-16
3.55,0.145793134146341,0,0.385752384604706,2.45693764812371e-15,1.97758476261356e-16
3.6,0.144512939439162,0,0.454230975287156,2.07380770542165e-15,-2.51860164668383e-15
3.65,0.142835883786054,0,0.501290079553182,2.07380770542165e-15,-2.51860164668383e-15
3.7,0.141985890171286,0,0.559376177872805,2.07380770542165e-15,-2.51860164668383e-15
3.75,0.139350825878757,0,0.612736611738922,0.07928491340779,2.69049678369715e-11
3.8,0.138973825660826,0,0.660544486464755,0.07928491340779,2.69049678369715e-11
3.85,0.134771172038263,0,0.719316240697675,0.07928491340779,2.69049678369715e-11
3.9,0.134157150200062,0,0.769496390757966,0.158569826675252,2.03679644417837e-09
3.95,0.13422049269925,0,0.824553439873418,0.158569826675252,2.03679644417837e-09
4,0.134160990925964,0,0.869344077196446,0.237854740117104,4.06838203403925e-09
4.05,0.134762689845631,0,0.925202839543471,0.237854740117104,4.06838203403925e-09
4.1,0.134961182961849,0,0.967152710644832,0.237854740117104,4.06838203403925e-09
4.15,0.133100708207786,0,1.01869060349174,0.317139653483663,7.60347232831721e-09
4.2,0.134775717962048,0,1.06951503191557,0.317139653483663,7.60347232831721e-09
4.25,0.132100434484336,0,1.12041148764605,0.317139653483663,7.60347232831721e-09
4.3,0.133005463428252,0,1.17830604017857,0.475709471917537,0.111129313205924
4.35,0.134252903958238,0,1.22403179192274,0.475709471917537,0.111129313205924
4.4,0.133000353601253,0,1.26482562547114,0.475709471917537,0.111129313205924
4.45,0.132289887852097,0,1.30905258732423,0.634279297018153,0.111129326893595
4.5,0.131266553319176,0,1.35515941152263,0.634279297018153,0.111129326893595
4.55,0.133530943181818,0,1.41376534940711,0.634279297018153,0.111129326893595
4.6,0.130454331101957,0,1.46940116872225,0.872134034426805,0.111129354372668
4.65,0.132708153685467,0,1.52074796569975,0.872134034426805,0.111129354372668
4.7,0.136182817336644,0,1.56440944349617,0.872134034426805,0.111129354372668
4.75,0.135960825454545,0,1.61583269802984,1.10998877039556,0.111129391212135
4.8,0.136942798388837,0,1.66388806497175,1.10998877039556,0.111129391212135
4.85,0.13569087659032,0,1.70366980286299,1.10998877039556,0.111129391212135
4.9,0.135951092394879,0,1.74223952229737,1.34784350436511,0.111129436525598
4.95,0.136495028269363,0,1.77479289054971,1.34784350436511,0.111129436525598
5,0.135840511795544,0,1.79800717949662,1.50641333002431,0.111129471325527
5.05,0.134748275159768,0,1.85520098557692,1.50641333002431,0.111129471325527
5.1,0.131566575989504,0,1.91702418157571,1.50641333002431,0.111129471325527
5.15,0.129670634307777,0,1.97292563069036,1.66498312563157,0.222258807374175
5.2,0.131160570133468,0,2.03159135964245,1.66498312563157,0.222258807374175
5.25,0.130649750110963,0,2.08305765359609,1.66498312563157,0.222258807374175
5.3,0.130510256831148,0,2.13435277286136,2.06140767816665,0.222258921694762
5.35,0.126758327113934,0,2.19522383729016,2.06140767816665,0.222258921694762
5.4,0.12303092904456,0,2.24402458492226,2.06140767816665,0.222258921694762
5.45,0.123443045463649,0,2.29132588392595,2.37854732206727,0.222259030373157
5.5,0.122260941051117,0,2.33016737862332,2.37854732206727,0.222259030373157
5.55,0.117282282279248,0,2.37549266383667,2.37854732206727,0.222259030373157
5.6,0.116256645808019,0,2.41977385255199,2.69568696239012,0.222259154869631
5.65,0.111886781174089,0,2.4560875831197,2.69568696239012,0.222259154869631
5.7,0.110765505635838,0,2.48076374717652,2.69568696239012,0.222259154869631
5.75,0.1089187345956,0,2.508812,3.09211151618532,0.222259333015457
5.8,0.100461648414985,0,2.54414759755861,3.09211151618532,0.222259333015457
5.85,0.0887410573613766,0,2.56815633558984,3.09211151618532,0.222259333015457
5.9,0.0837323041742701,0,2.60369694518623,3.48853601246102,0.333388831239562
5.95,0.0659677442672741,0,2.62522162539202,3.48853601246102,0.333388831239562
6,0.0565027176960585,0,2.62578736952231,3.48853601246102,0.333388831239562
6.05,0.0480908445407107,0,2.61880334014815,3.80567563996963,0.333389009383122
6.1,0.0359206286321756,0,2.61950395678114,3.80567563996963,0.333389009383122
6.15,0.0147798993462063,0,2.59857974468085,3.80567563996963,0.333389009383122
6.2,0,0,2.56939301470004,4.28138509545755,0.3333893067734
6.25,0,0,2.51238075659051,4.28138509545755,0.3333893067734
6.3,0,0,2.51389065887996,4.51923982361649,0.33338946914556
6.35,0,0,2.50601222895725,4.51923982361649,0.33338946914556
6.4,0,0,2.47458375164912,4.75709454838525,0.33338963937146
6.45,0,0,2.46899982145981,4.75709454838525,0.33338963937146
6.5,0,0,2.44345226065163,4.75709454838525,0.33338963937146
6.55,0,0,2.41040886691714,5.15351899119357,0.444519237810269
6.6,0,0,2.40270792774621,5.15351899119357,0.444519237810269
6.65,0,0,2.35706545834637,5.15351899119357,0.444519237810269
6.7,0,0,2.32718851224835,5.54994351569732,0.44451956478027
6.75,0,0,2.31269955953307,5.54994351569732,0.44451956478027
6.8,0,0,2.27678048703058,5.78779824283136,0.444519774006201
6.85,0,0,2.25937990096476,5.78779824283136,0.444519774006201
6.9,0,0,2.23383317168805,6.02565297711848,0.444519992842586
6.95,0,0,2.21312566141575,6.02565297711848,0.444519992842586
7,0,0,2.18408842485162,6.02565297711848,0.444519992842586
7.05,0,0,2.16724936565203,6.02565297711848,0.444519992842586
7.1,0,0,2.14259378602508,6.02565297711848,0.444519992842586
7.15,0,0,2.11819044117647,6.34279259304374,0.444520294929211
7.2,0,0,2.08482275432705,6.34279259304374,0.444520294929211
7.25,0,0,2.05757840810891,6.34279259304374,0.444520294929211
7.3,0,0,2.02561810480693,6.89778681853479,0.55565015979851
7.35,0.000672875349357224,0.00439345416024549,2.00482458767123,6.89778681853479,0.55565015979851
7.4,0.0138614327559055,0,1.98495014208043,6.89778681853479,0.55565015979851
7.45,0.0266320816959671,0,1.97203132075842,7.21492643340906,0.555650504858214
7.5,0.0420529437386569,0,1.94847385752381,7.21492643340906,0.555650504858214
7.55,0.0562777931985295,0,1.93913898588447,7.21492643340906,0.555650504858214
7.6,0.0619970234015471,0,1.92877143638664,7.45278116979734,0.555650776296943
7.65,0.0641315353413048,0,1.94032443656025,7.45278116979734,0.555650776296943
7.7,0.068831248164464,0,1.93099262526464,7.45278116979734,0.555650776296943
7.75,0.0728349212277739,0,1.93470022819392,7.76992078338256,0.555651149562531
7.8,0.075868288842853,0,1.932021,7.76992078338256,0.555651149562531
7.85,0.0783233992255962,0,1.93056501540684,7.76992078338256,0.555651149562531
7.9,0.0834935244354479,0,1.93690790583588,8.0870604072265,0.55565153831007
7.95,0.0883978841493942,0,1.962921,8.0870604072265,0.55565153831007
8,0.0923351921948357,0,1.96768730094646,8.0870604072265,0.55565153831007
8.05,0.0971310439980402,0,1.98824276884006,8.32491512359536,0.555651840595827
8.1,0.0975146448258789,0,2.0211532009172,8.32491512359536,0.555651840595827
8.15,0.0966082954314721,0,2.0508278852696,8.32491512359536,0.555651840595827
8.2,0.0939170254606835,0,2.0784887319257,8.64205459512253,0.66678155231951
8.25,0.0930675569611455,0,2.09884858716199,8.64205459512253,0.66678155231951
8.3,0.0939775799062988,0,2.12602829873443,8.87990930291466,0.666781874029558
8.35,0.0932592901120964,0,2.14879689926776,8.87990930291466,0.666781874029558
8.4,0.0896889120565758,0,2.17638605646173,9.11776401569806,0.666782205170565
8.45,0.0906300937406409,0,2.20159668572384,9.11776401569806,0.666782205170565
8.5,0.0890687636076782,0,2.21621000894996,9.27633382096771,0.66678243095874
8.55,0.0894352558331613,0,2.25028610657217,9.27633382096771,0.66678243095874
8.6,0.0907749875723163,0,2.26641986235409,9.27633382096771,0.66678243095874
8.65,0.087787147443038,0,2.29271731296386,9.67275834522937,0.666783012152629
8.7,0.0865576832620647,0,2.31694356612391,9.67275834522937,0.666783012152629
8.75,0.0841246085221967,0,2.33714156186834,9.67275834522937,0.666783012152629
8.8,0.0819508987445136,0,2.34960690304244,9.98989793480193,0.66678349315654
8.85,0.0838686334774916,0,2.36585308387222,9.98989793480193,0.66678349315654
8.9,0.0831743370762254,0,2.38961219512195,9.98989793480193,0.66678349315654
8.95,0.0817004656307612,0,2.40813146128889,10.3070375422613,0.666783990667497
9,0.0807555211387037,0.0279174447726704,2.40850769934075,10.3070375422613,0.666783990667497
9.05,0.0819995803757829,0,2.42564804461706,10.3070375422613,0.666783990667497
9.1,0.083009275233016,0,2.43831663551033,10.3070375422613,0.666783990667497
9.15,0.0810486358099878,0,2.44632933462808,10.7034620734586,0.66678463556321
9.2,0.0785005620452708,0,2.46579977460571,10.7034620734586,0.66678463556321
9.25,0.0774880772814747,0,2.48430196953616,11.1791714816759,0.666785440545995
9.3,0.0787333401875049,0,2.48715276515001,11.1791714816759,0.666785440545995
9.35,0.0821906359629793,0,2.50113498838405,11.1791714816759,0.666785440545995
9.4,0.0822312200771445,0,2.51315677751405,11.4170260080387,0.777915152200047
9.45,0.0873931473325062,0,2.5277236124031,11.4170260080387,0.777915152200047
9.5,0.0906010769696358,0,2.54433502470238,11.6548807016484,0.777915575494142
9.55,0.090321716,0,2.55265225740051,11.6548807016484,0.777915575494142
9.6,0.0872363783688774,0,2.57842211626626,11.6548807016484,0.777915575494142
9.65,0.08867653125,0,2.58997001703512,11.6548807016484,0.777915575494142
9.7,0.0857252612295226,0,2.62044825943955,11.6548807016484,0.777915575494142
9.75,0.0859843242895442,0,2.64183635433715,12.0513052221206,0.777916303442746
9.8,0.0809406250283126,0,2.6597500199784,12.0513052221206,0.777916303442746
9.85,0.0799662831278361,0,2.66590025720995,12.0513052221206,0.777916303442746
9.9,0.0766979685869899,0,2.68743866008057,12.68558444315,0.777917517815118
9.95,0.0789751971602435,0,2.68566108738327,12.68558444315,0.777917517815118
10,0.078250553141051,0,2.69599430460353,12.68558444315,0.777917517815118
10.05,0.0773273101627424,0,2.68648849814164,13.0820089290604,0.777918306883105
10.1,0.0754023074859367,0,2.70165097125541,13.0820089290604,0.777918306883105
10.15,0.0749865115261162,0,2.71492923895728,13.0820089290604,0.777918306883105
10.2,0.0709779441677588,0,2.73543485826772,13.5577183464448,0.777919287525809
10.25,0.0703781043737574,0,2.73287495485479,13.7955730317595,0.777919789882499
10.3,0.0684592626375566,0,2.73877015465816,13.7955730317595,0.777919789882499
10.35,0.0717713864156257,0,2.745708,14.1127126356911,0.777920474922415
10.4,0.0729715578285715,0,2.745022,14.1127126356911,0.777920474922415
10.45,0.0731311468258396,0,2.74233577865836,14.1127126356911,0.777920474922415
10.5,0.0745462935229419,0,2.74744438118332,14.3505673498157,0.777920998703139
10.55,0.0756529745345869,0,2.74077432291767,14.3505673498157,0.777920998703139
10.6,0.0745506536209554,0,2.75545762652653,14.5884221148306,0.777921534726484
10.65,0.0737061930718288,0,2.76770751579493,14.5884221148306,0.777921534726484
10.7,0.0727278512264268,0,2.7756970089331,14.5884221148306,0.777921534726484
10.75,0.0732782583699696,0.00523962702702892,2.77967497159458,15.0641314901557,0.777922624375915
10.8,0.0749722421856358,0,2.78852798591277,15.0641314901557,0.777922624375915
10.85,0.0731716188951159,0,2.784199752223,15.0641314901557,0.777922624375915
10.9,0.0728668294990539,0,2.7842295617522,15.4605560095361,0.777923561062375
10.95,0.0703365241635686,0,2.77454374582249,15.4605560095361,0.777923561062375
11,0.0704656023713939,0,2.78105264744186,15.7776956260407,0.777924328118413
11.05,0.0707459728918247,0,2.78748619039406,15.7776956260407,0.777924328118413
11.1,0.073447772029968,0,2.80212762415292,15.7776956260407,0.777924328118413
11.15,0.0748400605991829,0,2.807940748047,16.0155503403171,0.777924913990103
11.2,0.0715185161894567,0,2.81174540204832,16.0155503403171,0.777924913990103
11.25,0.0704452912757037,0,2.81159776814437,16.0155503403171,0.777924913990103
11.3,0.070608807826917,0.0571551826548696,2.80650938234712,16.5705446489476,0.777926313397131
11.35,0.0697261394118091,0.0085203552591681,2.810518082836,16.5705446489476,0.777926313397131
11.4,0.0710831483149701,0,2.803387,16.8876842686824,0.777927134711443
11.45,0.0694748252181904,0,2.804074,16.8876842686824,0.777927134711443
11.5,0.0683378242591316,0,2.81263296364999,17.1255392792547,0.666798466853936
11.55,0.0697244170239467,0,2.83072188899852,17.1255392792547,0.666798466853936
11.6,0.069793105193076,0,2.82702236123378,17.4426788734563,0.666799314524524
11.65,0.0688033440610055,0,2.82480789347639,17.4426788734563,0.666799314524524
11.7,0.0691900383323454,0,2.82754199964974,17.4426788734563,0.666799314524524
11.75,0.0706388681497751,0,2.82098421289184,17.8391033920638,0.666800397103132
11.8,0.0742760488140255,0,2.82050674470416,17.8391033920638,0.666800397103132
11.85,0.0701677837697961,0,2.82144519471817,17.8391033920638,0.666800397103132
11.9,0.0694916112303405,0,2.81887240929039,18.2355282054853,0.55567220846952
11.95,0.0687726054755377,0,2.823301,18.2355282054853,0.55567220846952
12,0.0675148660736658,0,2.83295390044016,18.5526678617865,0.55567311250733
12.05,0.0716422163606005,0.0110026822633269,2.83827107998132,18.5526678617865,0.55567311250733
12.1,0.070946044744455,0,2.84467422434617,18.5526678617865,0.55567311250733
12.15,0.0670916409428795,0,2.83855587790357,18.9490927158696,0.444544967569888
12.2,0.0651152014925372,0,2.83466895747324,18.9490927158696,0.444544967569888
12.25,0.0646414631016043,0,2.83519611471904,18.9490927158696,0.444544967569888
12.3,0.0642312253972882,0,2.832914,19.424802158458,0.444546380473036
12.35,0.0622428130976159,0,2.82761751024429,19.424802158458,0.444546380473036
12.4,0.0619369590403088,0,2.82170672177227,19.6626572173209,0.333417806449084
12.45,0.0629754129754978,0,2.8302959719655,19.6626572173209,0.333417806449084
12.5,0.0622039026352846,0,2.82532183730159,19.9797968144663,0.333418778306225
12.55,0.060039882259976,0,2.821241,19.9797968144663,0.333418778306225
12.6,0.0606277146133996,0,2.81054306984416,20.2176515712739,0.333419519113957
12.65,0.0617169068957511,0,2.80893646180521,20.2176515712739,0.333419519113957
12.7,0.0605811170212766,0,2.8031563702388,20.2176515712739,0.333419519113957
12.75,0.0616341210071211,0,2.81290037853949,20.6933613234496,0.222291730736136
12.8,0.061494805264021,0,2.80557986347117,20.6933613234496,0.222291730736136
12.85,0.0602756191395477,0,2.80263277676232,20.6933613234496,0.222291730736136
12.9,0.0603900935472858,0.0153131595799611,2.79394564636724,21.0897862393985,0.111163717059742
12.95,0.0586008786191538,0,2.79099041213202,21.0897862393985,0.111163717059742
13,0.0583460360360361,0.0405611779313116,2.78339588159513,21.327640964776,0.111164498227665
13.05,0.0573730211608223,0,2.77315431677386,21.327640964776,0.111164498227665
13.1,0.0577501249781814,0,2.75998824171271,21.327640964776,0.111164498227665
13.15,0.0580705491728407,0,2.75584061369674,21.7240658830068,3.65252935517896e-05
13.2,0.0585451217249465,0,2.76964322441338,21.7240658830068,3.65252935517896e-05
13.25,0.0597271087293388,0,2.75793929016583,21.7240658830068,3.65252935517896e-05
13.3,0.0577323420836751,0,2.74740761254019,22.1997756906231,-0.111091150906716
13.35,0.0579219740932644,0,2.73849920426744,22.1997756906231,-0.111091150906716
13.4,0.0603499237341772,0,2.74088030542926,22.1997756906231,-0.111091150906716
13.45,0.0595552928870294,0,2.7359178311292,22.5962006715481,-0.222219072238027
13.5,0.0622465477445811,0,2.71815562755781,22.5962006715481,-0.222219072238027
13.55,0.0645209115872685,0.00128267478152408,2.71617097356918,22.5962006715481,-0.222219072238027
13.6,0.0611828834939902,0,2.70819545537468,22.9926255947236,-0.333346966704689
13.65,0.0591208541039534,0,2.71028093131571,22.9926255947236,-0.333346966704689
13.7,0.0604878844145627,0,2.70006546244291,22.9926255947236,-0.333346966704689
13.75,0.0630036452099031,0,2.69368937471519,23.3890505788205,-0.444474837018032
13.8,0.0623749002852873,0,2.70936625106188,23.3890505788205,-0.444474837018032
13.85,0.0630822084041228,0,2.71138346982118,23.3890505788205,-0.444474837018032
13.9,0.0624261282182122,0,2.7014598443843,23.7854751576578,-0.444473389551975
13.95,0.0640403466933868,0,2.70178815585961,23.7854751576578,-0.444473389551975
14,0.0647365699450824,0.0315544122228906,2.696956,23.7854751576578,-0.444473389551975
14.05,0.0691719727988546,0,2.677043,24.1819001566,-0.555601212175706
14.1,0.0650562417419272,0,2.71040504313362,24.1819001566,-0.555601212175706
14.15,0.0632406272177213,0,2.69483430111189,24.1819001566,-0.555601212175706
14.2,0.0623841242881901,0,2.70263303438114,24.5783247349858,-0.555599715313513
14.25,0.0598453739508393,0,2.70104007886828,24.5783247349858,-0.555599715313513
14.3,0.0586095,0,2.69672458684985,24.5783247349858,-0.555599715313513
14.35,0.0562346279969064,0,2.69205301230647,24.9747497660288,-0.66672748863923
14.4,0.0504882333031127,0,2.6865046614568,24.9747497660288,-0.66672748863923
14.45,0.0441928619676943,0,2.6665478183425,24.9747497660288,-0.66672748863923
14.5,0.0340673601958584,0,2.66115356157588,25.3711743579142,-0.666725944176486
14.55,0.023352649274684,0,2.64824375348567,25.3711743579142,-0.666725944176486
14.6,0.0184389637291778,0,2.63179254466789,25.688314025044,-0.666724689850357
14.65,0.00683296089833561,0,2.61806646449881,25.688314025044,-0.666724689850357
14.7,0.00115899848656831,0,2.60159955341712,25.688314025044,-0.666724689850357
14.75,0,0,2.5640885045557,26.0847386159166,-0.666723101374257
14.8,0,0,2.556191,26.0847386159166,-0.666723101374257
14.85,0,0,2.53671700886263,26.0847386159166,-0.666723101374257
14.9,0,0,2.51417988827497,26.4811632013179,-0.666721488510706
14.95,0,0,2.48119770422341,26.4811632013179,-0.666721488510706
15,0,0,2.44774880432208,26.7190179663739,-0.666720509197486
15.05,0,0,2.41411639635335,26.7190179663739,-0.666720509197486
15.1,0,0,2.39839764213749,26.7190179663739,-0.666720509197486
15.15,0,0,2.38119201299834,27.1154425817927,-0.666718858140035
15.2,0,0,2.36442726427406,27.1154425817927,-0.666718858140035
15.25,0,0,2.3341114936249,27.1154425817927,-0.666718858140035
15.3,0,0,2.31280196914712,27.5118671345089,-0.666717180780044
15.35,0,0,2.29933445747761,27.5118671345089,-0.666717180780044
15.4,0,0,2.27028313322728,27.749721892384,-0.666716163386676
15.45,0,0,2.24108514942073,27.749721892384,-0.666716163386676
15.5,0,0,2.20898784891062,27.749721892384,-0.666716163386676
15.55,0,0,2.17118729191281,28.0668610447182,-0.555585499470936
15.6,0,0.0118406789936325,2.15776104645501,28.0668610447182,-0.555585499470936
15.65,0,0,2.13931749807064,28.0668610447182,-0.555585499470936
15.7,0,0.0906226570724163,2.12548212334032,28.384000721479,-0.555584113880537
15.75,0,0,2.10803458527758,28.384000721479,-0.555584113880537
15.8,0,0,2.08558424111567,28.384000721479,-0.555584113880537
15.85,0,0,2.06463330697537,28.7011404317336,-0.55558271328032
15.9,0,0,2.04855678305152,28.7011404317336,-0.55558271328032
15.95,0,0,2.02685435888434,28.7011404317336,-0.55558271328032
16,0,0,1.99989867135396,29.0182801390421,-0.555581297423433
16.05,0,0,1.97903774155084,29.0182801390421,-0.555581297423433
16.1,0,0,1.95007627114462,29.0182801390421,-0.555581297423433
16.15,0,0.071717,1.91921597548539,29.3354192711664,-0.444450571120395
16.2,0,0,1.90240443873273,29.3354192711664,-0.444450571120395
16.25,0,0.032044,1.88284277607622,29.3354192711664,-0.444450571120395
16.3,0,0.177565437339791,1.86855654209427,29.6525589271129,-0.444449122934985
16.35,0,0.157239464653037,1.8364735061425,29.6525589271129,-0.444449122934985
16.4,0,0.138986512175404,1.80493795679134,29.8111287189893,-0.444448391975144
16.45,0,0.233463,1.77582059102539,30.0489834852135,-0.444447290870266
16.5,0,0.0841700853612861,1.74964429577847,30.0489834852135,-0.444447290870266
16.55,0,0.213626,1.72175228946712,30.0489834852135,-0.444447290870266
16.6,0,0.143451101674194,1.69085330263918,30.2075532778872,-0.444446550333249
16.65,0,0.0459435020273163,1.65311384587049,30.2075532778872,-0.444446550333249
16.7,0,0.0403188800851118,1.62753320366617,30.2075532778872,-0.444446550333249
16.75,0,0.0346293738496272,1.61052448189763,30.4454074672114,-0.333316140482817
16.8,0,0,1.59034237259039,30.4454074672114,-0.333316140482817
16.85,0,0.0329972538320204,1.559167,30.4454074672114,-0.333316140482817
16.9,0,0.011224785505314,1.53874860429338,30.6832622384936,-0.333315015670597
16.95,0,0,1.52129497369202,30.6832622384936,-0.333315015670597
17,0,0,1.4978030041841,30.6832622384936,-0.333315015670597
17.05,0,0,1.47827564467707,30.6832622384936,-0.333315015670597
17.1,0,0.0457430962326537,1.4563923424,30.6832622384936,-0.333315015670597
17.15,0,0,1.43219250736196,30.9211169487453,-0.333313881096632
17.2,0,0,1.412223,30.9211169487453,-0.333313881096632
17.25,0.0083405728307811,0,1.40007128873166,30.9211169487453,-0.333313881096632
17.3,0.0209116923163338,0,1.37953269947111,31.317540976493,-0.222182678008387
17.35,0.0351578309217372,0,1.36004274550798,31.317540976493,-0.222182678008387
17.4,0.0479510423073283,0,1.34552947088107,31.317540976493,-0.222182678008387
17.45,0.0589201414854234,0,1.33669,31.4761107987083,-0.222181908007811
17.5,0.063084122928177,0,1.35016565265245,31.4761107987083,-0.222181908007811
17.55,0.0657072694196656,0.0110508438848193,1.34502351363906,31.4761107987083,-0.222181908007811
17.6,0.0796682388059706,0,1.329137,31.7139655115506,-0.222180744293461
17.65,0.0953655009085411,0,1.37010247951177,31.7139655115506,-0.222180744293461
17.7,0.0989464081377152,0,1.38288779263804,31.7139655115506,-0.222180744293461
17.75,0.100657823218997,0,1.41383002361751,31.872534790951,-0.111050669556741
17.8,0.104730059782609,0,1.43917852758188,31.872534790951,-0.111050669556741
17.85,0.106996260760377,0,1.482948,31.872534790951,-0.111050669556741
17.9,0.105887141636604,0,1.51683043234156,32.1103895345239,-0.111049492375904
17.95,0.100654267878788,0,1.55416668794574,32.1103895345239,-0.111049492375904
18,0.0967067824133504,0,1.57596983953444,32.1103895345239,-0.111049492375904
18.05,0.0973376435926773,0,1.60470708923753,32.3482442708495,-0.111048305592493
18.1,0.0940512232669324,0,1.6439914125,32.3482442708495,-0.111048305592493
18.15,0.0940589828206153,0,1.67393696939388,32.3482442708495,-0.111048305592493
18.2,0.0919694879592579,0.00567690243725219,1.70573253679696,32.5860990055469,-0.111047110197226
18.25,0.0929143364036844,0,1.74021960971988,32.5860990055469,-0.111047110197226
18.3,0.0925350998050682,0,1.76383287585266,32.7446682200938,8.29844672774471e-05
18.35,0.0905764366258363,0,1.79263,32.7446682200938,8.29844672774471e-05
18.4,0.0902418629173113,0,1.82271952202428,32.9032380713468,8.37899857125124e-05
18.45,0.0871425070711678,0.0405191059268552,1.85458332708245,32.9032380713468,8.37899857125124e-05
18.5,0.0889843515330548,0,1.86662744781375,33.0618077881898,8.45995673474653e-05
18.55,0.0823295749701313,0,1.89796485446784,33.0618077881898,8.45995673474653e-05
18.6,0.075006910814708,0,1.92478989961207,33.0618077881898,8.45995673474653e-05
18.65,0.0740530713270142,0,1.94227320468068,33.378947537209,8.62298330983058e-05
18.7,0.0751536642568452,0,1.95110322310326,33.378947537209,8.62298330983058e-05
18.75,0.0744982621453286,0,1.94601957590508,33.378947537209,8.62298330983058e-05
18.8,0.0728496902575185,0,1.9539081554715,33.6168021503021,8.74631404600146e-05
18.85,0.072122025069638,0,1.96790830669546,33.6168021503021,8.74631404600146e-05
18.9,0.0735930782882061,0,1.97970237460568,33.6168021503021,8.74631404600146e-05
18.95,0.0708693773204197,0,1.97758777679188,33.9339412846308,0.111218413529247
19,0.0663563279220779,0,1.98634037467955,33.9339412846308,0.111218413529247
19.05,0.0655039839224982,0,1.99514782366887,33.9339412846308,0.111218413529247
19.1,0.0645341719077569,0,2.00943712848187,33.9339412846308,0.111218413529247
19.15,0.0656022783945347,0,2.01625966210403,34.2510813959831,9.07949433494454e-05
19.2,0.0651684901217318,0,2.0018049855785,34.2510813959831,9.07949433494454e-05
19.25,0.0644639274491194,0,2.001373,34.2510813959831,9.07949433494454e-05
19.3,0.0650635863548596,0,2.00824,34.6475059014587,9.29091157121226e-05
19.35,0.0672429389960609,0,2.01016884857512,34.6475059014587,9.29091157121226e-05
19.4,0.0693373795057146,0,2.0115978606552,34.6475059014587,9.29091157121226e-05
19.45,0.0710137245794629,0,2.01410927094365,34.9646455797156,9.46177455787567e-05
19.5,0.0717149460238569,0,2.02255459018016,34.9646455797156,9.46177455787567e-05
19.55,0.0754000058352293,0,2.02206032334322,34.9646455797156,9.46177455787567e-05
19.6,0.0805141931647741,0,2.02518321281646,35.28178511236,9.63420414152871e-05
19.65,0.0840247351535836,0,2.03913600769686,35.28178511236,9.63420414152871e-05
19.7,0.0869999928909954,0,2.05626202467776,35.28178511236,9.63420414152871e-05
19.75,0.088643264063534,0,2.07892762096317,35.5196398460922,9.76451501788489e-05
19.8,0.0874371041852181,0,2.10185151526831,35.5196398460922,9.76451501788489e-05
19.85,0.0892833258745667,0,2.12213132766294,35.5196398460922,9.76451501788489e-05
19.9,0.0886274125179378,0,2.140764,35.8367801637119,-0.111029895054509
19.95,0.0864912608965093,0,2.17209056160235,35.8367801637119,-0.111029895054509
20,0.0905863858267718,0,2.18265189176331,35.8367801637119,-0.111029895054509
20.05,0.090897064410592,0,2.21061546333645,36.1539198541071,-0.111028128061054
20.1,0.0862941972818938,0,2.22540714757318,36.1539198541071,-0.111028128061054
20.15,0.0851710078686461,0,2.24240585652454,36.1539198541071,-0.111028128061054
20.2,0.0800407107746879,0.0418998568421103,2.25207033168366,36.4710600430081,-0.222155638497335
20.25,0.0796393590328748,0,2.27538938480016,36.4710600430081,-0.222155638497335
20.3,0.0761037251908397,0,2.283589,36.4710600430081,-0.222155638497335
20.35,0.0752854034427111,0,2.29039712955734,36.7882003941863,-0.333283132474862
20.4,0.0765317282043197,0,2.30597101927711,36.7882003941863,-0.333283132474862
20.45,0.0740772091965857,0,2.30916767853819,36.7882003941863,-0.333283132474862
20.5,0.0746353500661708,0,2.3176611308148,37.1053405741284,-0.44441060925764
20.55,0.0745435460364094,0,2.32746528721279,37.1053405741284,-0.44441060925764
20.6,0.073544940961833,0,2.33275649222494,37.1053405741284,-0.44441060925764
20.65,0.0645111444273464,0,2.31498048028579,37.4224808868461,-0.555538072388511
20.7,0.0623988547968883,0,2.31386934801762,37.4224808868461,-0.555538072388511
20.75,0.0557539701810437,0,2.30457957852863,37.4224808868461,-0.555538072388511
20.8,0.0528006730576189,0,2.29745336246081,37.8189060879796,-0.666665054755177
20.85,0.0497187855852238,0.032044,2.27789722971707,37.8189060879796,-0.666665054755177
20.9,0.050126382525204,0.00638154194156653,2.26971843367879,37.8189060879796,-0.666665054755177
20.95,0.0517261173052303,0.0341088903974753,2.24856301239349,38.1360464486252,-0.777792484260067
21,0.0577290092362698,0,2.259556,38.1360464486252,-0.777792484260067
21.05,0.0594335589486859,0,2.25132084462328,38.1360464486252,-0.777792484260067
21.1,0.0605961298701299,0,2.25835130584147,38.4531867753184,-0.888919895577561
21.15,0.0607845608108104,0,2.23771132272881,38.4531867753184,-0.888919895577561
21.2,0.0573923965871382,0,2.22941918101979,38.4531867753184,-0.888919895577561
21.25,0.0558280500982318,0,2.221103,38.7703271194211,-1.00004729108484
21.3,0.0525927117925956,0,2.22297158581168,38.7703271194211,-1.00004729108484
21.35,0.0550773269036561,0,2.20737532325288,38.7703271194211,-1.00004729108484
21.4,0.0571594329054843,0,2.20737,39.0874666830664,-1.00004537699096
21.45,0.0569911783376316,0,2.22531647144969,39.0874666830664,-1.00004537699096
21.5,0.0610754286282701,0,2.2109855219422,39.0874666830664,-1.00004537699096
21.55,0.062651612804878,0,2.21374918817064,39.4046070957202,-1.11117274379523
21.6,0.062963560997329,0,2.21648267918723,39.4046070957202,-1.11117274379523
21.65,0.063812576599783,0,2.214923,39.4046070957202,-1.11117274379523
21.7,0.0636980613567958,0,2.210117,39.4046070957202,-1.11117274379523
21.75,0.0611656951951951,0,2.21067731486561,39.7217467669108,-1.11117080057202
21.8,0.0586332488542622,0,2.21210843417969,39.7217467669108,-1.11117080057202
21.85,0.057842315406517,0,2.20079034313005,40.1974570673075,-1.22229715150973
21.9,0.0574990062911925,0,2.19992682003396,40.1974570673075,-1.22229715150973
21.95,0.0565580567766394,0,2.1908875377562,40.1974570673075,-1.22229715150973
22,0.0562809172718661,0,2.19252102602994,40.4353117852072,-1.22229566516529
22.05,0.0541203270225432,0,2.18713538478896,40.4353117852072,-1.22229566516529
22.1,0.0578568601552394,0,2.19009680749948,40.4353117852072,-1.22229566516529
22.15,0.0575116416366906,0,2.19013396426695,40.7524514355994,-1.22229367121829
22.2,0.0582479615942031,0,2.18824495722351,40.7524514355994,-1.22229367121829
22.25,0.0578816272426652,0,2.18717250533118,40.7524514355994,-1.22229367121829
22.3,0.0601964174950299,0,2.18604229121311,41.0695904328173,-1.11116237219798
22.35,0.0600618816901409,0,2.1819479803962,41.0695904328173,-1.11116237219798
22.4,0.06262253978389,0,2.17455980476604,41.0695904328173,-1.11116237219798
22.45,0.0594661179039302,0,2.17221516948747,41.3867301441553,-1.11116034869861
22.5,0.0544021019311168,0,2.16288175363322,41.3867301441553,-1.11116034869861
22.55,0.0496913280449349,0,2.16939320248139,41.3867301441553,-1.11116034869861
22.6,0.0474925771147873,0,2.16634155758137,41.7038692644906,-1.00002902011118
22.65,0.0474322274426594,0,2.15527384675835,41.7038692644906,-1.00002902011118
22.7,0.0490963510792975,0,2.15093166156373,41.7038692644906,-1.00002902011118
22.75,0.0477750981705488,0,2.15304655555556,42.0210088526301,-1.00002696319005
22.8,0.0477617937735274,0,2.14197346554245,42.0210088526301,-1.00002696319005
22.85,0.0490410517920242,0,2.13923238725266,42.0210088526301,-1.00002696319005
22.9,0.0496211315201948,0,2.14152179172865,42.3381478270622,-0.888895601442839
22.95,0.0502453371929118,0,2.1384490124469,42.3381478270622,-0.888895601442839
23,0.0500976685962373,0,2.138705,42.3381478270622,-0.888895601442839
23.05,0.0492050573951435,0,2.11717588068182,42.3381478270622,-0.888895601442839
23.1,0.0538205662470025,0,2.11024906137958,42.3381478270622,-0.888895601442839
23.15,0.0529629425036759,0,2.11489349752164,42.6552867107179,-0.777764222640427
23.2,0.0533330352444533,0,2.10234906788846,42.6552867107179,-0.777764222640427
23.25,0.0523570416277036,0,2.10026901017307,42.6552867107179,-0.777764222640427
23.3,0.053399322616887,0,2.09592692650138,43.1309947452707,-0.555502480430678
23.35,0.0522836176470589,0,2.094759,43.1309947452707,-0.555502480430678
23.4,0.0534222306567791,0,2.09346306042982,43.1309947452707,-0.555502480430678
23.45,0.0528381271107809,0,2.0865624066506,43.3688487830674,-0.444371597005005
23.5,0.0506746685314676,0,2.08718412346076,43.3688487830674,-0.444371597005005
23.55,0.0465988926497096,0,2.06775837496383,43.3688487830674,-0.444371597005005
23.6,0.0453908340040696,0,2.06077845945687,43.6067019364401,-0.22211141297489
23.65,0.0424921419994542,0,2.04212600816825,43.6067019364401,-0.22211141297489
23.7,0.0440668401162791,0,2.02409152499291,43.6067019364401,-0.22211141297489
23.75,0.0320631279464644,0,2.00660842319098,43.7652702115534,0.000148242726247694
23.8,0.0221367595343234,0,1.97664159461657,43.7652702115534,0.000148242726247694
23.85,0.0203967253608758,0,1.95255226540284,43.7652702115534,0.000148242726247694
23.9,0.0177790763875821,0,1.92127662498813,44.0031236141949,0.222408441996937
23.95,0.0158753362894283,0,1.88842409502826,44.0031236141949,0.222408441996937
24,0.0132011371553698,0,1.85549177692835,44.1616924267735,0.333538813860544
24.05,0.016730490319992,0.000514662227015043,1.8252242452886,44.1616924267735,0.333538813860544
24.1,0.0231051183889684,0.0426336925329122,1.80089739635468,44.1616924267735,0.333538813860544
24.15,0.0222141182917612,0,1.78031745802421,44.2409757847691,0.555797938094886
24.2,0.0244339832256984,0,1.752056466959,44.2409757847691,0.555797938094886
24.25,0.0320344326346003,0,1.72716436438842,44.2409757847691,0.555797938094886
24.3,0.0339527256892604,0,1.69918194484746,44.3995440985117,0.778057608639192
24.35,0.0356115034482759,0,1.67834706692726,44.3995440985117,0.778057608639192
24.4,0.0370824898023716,0,1.65582918412997,44.4788274128933,1.00031673577417
24.45,0.0491890150441927,0,1.63928385066632,44.4788274128933,1.00031673577417
24.5,0.0627094560301512,0,1.56174037134856,44.5581115957743,1.11144657335212
24.55,0.0722856563151107,0,1.58865340848964,44.5581115957743,1.11144657335212
24.6,0.0795579506107278,0,1.60815427153744,44.637395741597,1.22257641405323
24.65,0.0836703718812921,0,1.61793356607495,44.637395741597,1.22257641405323
24.7,0.0834597686973751,0,1.63652617828201,44.6373942022041,1.4448349964144
24.75,0.0833481369606003,0,1.66018244920055,44.6373942022041,1.4448349964144
24.8,0.0814153621013133,0,1.67808469986631,44.6373942022041,1.4448349964144
24.85,0.075865628652702,0,1.68595722086187,44.7166775070372,1.66709412518662
24.9,0.0704703890531036,0,1.70627930147638,44.7166775070372,1.66709412518662
24.95,0.0662590546601257,0,1.71408412719154,44.7166775070372,1.66709412518662
25,0.0579525930001982,0,1.721218,44.7959609124075,1.88935326025962
25.05,0.0551592355005751,0,1.72042269950021,44.7959609124075,1.88935326025962
25.1,0.0521334622862891,0,1.72570542312463,44.7959609124075,1.88935326025962
25.15,0.0547234763757648,0,1.723278,44.7959600696296,2.00048254790815
25.2,0.0514803407618297,0,1.71785070378048,44.7959600696296,2.00048254790815
25.25,0.0472282453318243,0,1.70965306095457,44.7959600696296,2.00048254790815
25.3,0.0313529213685472,0,1.69901473908931,44.8752426846984,2.33387097412965
25.35,0.0145884223118646,0,1.6798816365811,44.8752426846984,2.33387097412965
25.4,0,0,1.65394446769676,44.9545260105832,2.55613010876527
25.45,0,0,1.61899665421494,44.9545253196079,2.66725940486532
25.5,0,0,1.58110178412297,44.9545253196079,2.66725940486532
25.55,0,0,1.54701375525455,44.9545253196079,2.66725940486532
25.6,0,0,1.52422391004437,44.9545237672616,2.88951798784524
25.65,0,0,1.49163190407721,44.9545237672616,2.88951798784524
25.7,0,0,1.45242455355271,44.9545237672616,2.88951798784524
25.75,0,0,1.42614306676674,44.95452226942,3.11177657504188
25.8,0,0,1.39760506582329,44.95452226942,3.11177657504188
25.85,0,0,1.35442324668565,44.95452226942,3.11177657504188
25.9,0,0,1.32285406079087,44.9545207093016,3.33403515869558
25.95,0,0,1.29730562447587,44.9545207093016,3.33403515869558
26,0,0,1.26012256321945,44.9545199500208,3.44516445083252
26.05,0,0,1.24085886825837,44.9545199500208,3.44516445083252
26.1,0.00161085199025248,0,1.19671607061503,44.9545199500208,3.44516445083252
26.15,0.0216208013596267,0,1.16912531437025,44.9545183809995,3.66742303368852
26.2,0.0300147291695455,0,1.14223648921669,44.9545183809995,3.66742303368852
26.25,0.0367118673693456,0,1.12160171577684,44.9545183809995,3.66742303368852
26.3,0.0397750877541889,0,1.11718830260981,44.9545176153923,3.77855232640221
26.35,0.0408213663575725,0,1.07549229926723,44.9545176153923,3.77855232640221
26.4,0.0384775510788199,0,1.06406016166322,44.9545168795331,3.88968162121219
26.45,0.0367051607445009,0.0185434709795959,1.03430696915285,44.9545168795331,3.88968162121219
26.5,0.0335597852429514,0,1.01835482491468,44.8752311547179,4.0008103551047
26.55,0.0316029320641283,0,0.988171508325074,44.8752311547179,4.0008103551047
26.6,0.0335314796116505,0.032044,0.971888084858927,44.8752304516782,4.11193965323655
26.65,0.0324786940116185,0,0.948969086835096,44.8752304516782,4.11193965323655
26.7,0.0315316040462429,0,0.919366276830763,44.8752304516782,4.11193965323655
26.75,0.0314814766065902,0,0.902809836433365,44.875228941426,4.33419824051251
26.8,0.0334215874371094,0,0.877490273663875,44.875228941426,4.33419824051251
26.85,0.0317179449527054,0.020387609707974,0.853516784590164,44.875228941426,4.33419824051251
26.9,0.032939934053599,0,0.837465630311524,44.7959432825449,4.44532697959646
26.95,0.0340576484641639,0,0.815021387406839,44.7959432825449,4.44532697959646
27,0.0331263623378169,0,0.799039,44.7959424459598,4.55645626525017
27.05,0.0307448153153153,0,0.772003506626806,44.7959424459598,4.55645626525017
27.1,0.0217121155223873,0,0.751569772256127,44.7959424459598,4.55645626525017
27.15,0.00821447126170905,0,0.733125580240458,44.7959423779483,4.55645625830874
27.2,0,0.0247249646376693,0.71594328412067,44.7959423779483,4.55645625830874
27.25,0,0,0.690180993150685,44.7166559629033,4.77871429053173
27.3,0,0,0.657510562262847,44.7166559629033,4.77871429053173
27.35,0,0,0.644888763788027,44.7166559629033,4.77871429053173
27.4,0,0,0.627285199789547,44.7166560146965,4.77871429608556
27.45,0,0,0.605085259351988,44.7166560146965,4.77871429608556
27.5,0,0,0.578035680843223,44.7166551754806,4.88984357986595
27.55,0,0,0.558208302715899,44.7166551754806,4.88984357986595
27.6,0,0,0.544341797107353,44.6373703007307,4.88984302908701
27.65,0,0.0909521522255167,0.520061726301342,44.6373703007307,4.88984302908701
27.7,0,0,0.490291261997018,44.6373703007307,4.88984302908701
27.75,0,0.0330641285671041,0.47384140175107,44.6373695048876,5.00097231701943
27.8,0,0,0.449737304772234,44.6373695048876,5.00097231701943
27.85,0,0.19379,0.428144096741954,44.6373695048876,5.00097231701943
27.9,0,0.049345862865179,0.407188056622161,44.6373687243853,5.11210160760464
27.95,0,0.2533,0.375426269435783,44.6373687243853,5.11210160760464
28,0,0.231503890482533,0.351082342743113,44.637368794252,5.11210161563339
28.05,0,0.434882,0.321078596854623,44.637368794252,5.11210161563339
28.1,0,0.182492486806759,0.293888501040324,44.637368794252,5.11210161563339
28.15,0,0.373846,0.261064166268418,44.6373679188543,5.22323089516404
28.2,0,0.400565103675041,0.237955286456828,44.6373679188543,5.22323089516404
28.25,0,0.286725387025929,0.20493713954852,44.6373679188543,5.22323089516404
28.3,0,0.525752469716559,0.179280077079107,44.5580831468389,5.22323035625626
28.35,0,0.335483389202248,0.151194211589113,44.5580831468389,5.22323035625626
28.4,0,0.337594900202983,0.125674305282284,44.5580831468389,5.22323035625626
28.45,0,0.523536223225795,0.0951342487184715,44.5580831496286,5.22323035658438
28.5,0,0.273136,0.0716822991889653,44.5580831496286,5.22323035658438
28.55,0,0.239502554238838,0.0515925273568123,44.5580831496286,5.22323035658438
28.6,0,0.14718519844126,0.0280620869779833,44.5580831252187,5.22323035371323
28.65,0,0.09308,0.0090938810061899,44.5580831252187,5.22323035371323
28.7,0,0,-0.000229,44.5580831252187,5.22323035371323
28.75,0,0.0323470931841885,-0.000229,44.5580831154547,5.22323035256478
28.8,0,0.0668276033455109,-0.000229,44.5580831154547,5.22323035256478
28.85,0,0.0091368513252161,-0.000229,44.5580831154547,5.22323035256478
28.9,0,0,-0.000229,44.5580830973216,5.22323035043192
28.95,0,0,-0.000229,44.5580830973216,5.22323035043192
29,0,0.185003995308832,-0.000229,44.5580830973216,5.22323035043192
29.05,0,0.00284249064950805,-0.000229,44.5580830973216,5.22323035043192
29.1,0,0.0683849116856949,-0.000229,44.5580830973216,5.22323035043192
29.15,0,0.030510305041471,-0.000229,44.5580830596606,5.22323034600213
29.2,0,0.0784951529940731,-0.000229,44.5580830596606,5.22323034600213
29.25,0,0,-0.000229,44.5580830596606,5.22323034600213
29.3,0,0,-0.000229,44.558083051989,5.22323034509978
29.35,0,0.0312782080313575,-0.000229,44.558083051989,5.22323034509978
29.4,0,0.000868046000508839,-0.000229,44.5580830443173,5.22323034419741
29.45,0,0.110738753709156,-0.000229,44.5580830443173,5.22323034419741
29.5,0,0,-0.000229,44.5580830443173,5.22323034419741
29.55,0,0.151431166846302,-0.000229,44.5580830268816,5.22323034214661
29.6,0,0.116767990339667,-0.000229,44.5580830268816,5.22323034214661
29.65,0,0.0152052915325814,-0.000229,44.5580830268816,5.22323034214661
29.7,0,0.012207,-0.000229,44.5580830268816,5.22323034214661
29.75,0,0.0859269086711039,-0.000229,44.5580830833731,5.22323034879126
29.8,0,0.131150468898674,-0.000229,44.5580830833731,5.22323034879126
29.85,0,0.0585640862623565,-0.000229,44.5580830833731,5.22323034879126
29.9,0,0.0478416107338772,-0.000229,44.5580830589632,5.22323034592011
29.95,0,0,-0.000229,44.5580830589632,5.22323034592011
30,0,0,-0.000229,44.5580830589632,5.22323034592011
30.05,0,0,-0.000229,44.5580830631478,5.2232303464123
30.1,0,0.15081137964329,-0.000229,44.5580830631478,5.2232303464123
30.15,0,0.112917,-0.000229,44.5580830631478,5.2232303464123
30.2,0,0.032044,-0.000229,44.5580830380404,5.22323034345913
30.25,0,0,-0.000229,44.5580830380404,5.22323034345913
30.3,0,0,-0.000229,44.5580830763989,5.22323034797093
30.35,0,0,-0.000229,44.5580830763989,5.22323034797093
30.4,0,0,-0.000229,44.5580830763989,5.22323034797093
30.45,0,0.0272487641795952,-0.000229,44.5580830959268,5.22323035026786
30.5,0,0,-0.000229,44.5580830959268,5.22323035026786
30.55,0,0.0615882334063681,-0.000229,44.5580830959268,5.22323035026786
30.6,0,0.0244450003986244,-0.000229,44.5580830903474,5.22323034961159
30.65,0,0.032044,-0.000229,44.5580830903474,5.22323034961159
30.7,0,0.0200381966205778,-0.000229,44.5580830903474,5.22323034961159
30.75,0,0,-0.000229,44.5580830150254,5.22323034075204
30.8,0,0,-0.000229,44.5580830150254,5.22323034075204
30.85,0,0.130670921991596,-0.000229,44.5580830150254,5.22323034075204
30.9,0,0.0653158005522707,-0.000229,44.5580830687272,5.22323034706857
30.95,0,0.0557892686944102,-0.000229,44.5580830687272,5.22323034706857
31,0,0,-0.000229,44.5580830443173,5.22323034419741
31.05,0,0.09308,-0.000229,44.5580830443173,5.22323034419741
31.1,0,0.150522668008403,-0.000229,44.5580830443173,5.22323034419741
31.15,0,0.064936267532462,-0.000229,44.5580830338559,5.22323034296692
31.2,0,0.204221435339606,-0.000229,44.5580830338559,5.22323034296692
31.25,0,0.0371423076537891,-0.000229,44.5580830338559,5.22323034296692
31.3,0,0.0531573755564551,-0.000229,44.5580830868603,5.22323034920143
31.35,0,0.00265340263427551,-0.000229,44.5580830868603,5.22323034920143
31.4,0,0.09308,-0.000229,44.5580830868603,5.22323034920143
31.45,0,0.166535036538659,-0.000229,44.558083042225,5.22323034395131
31.5,0,0,-0.000229,44.558083042225,5.22323034395131
31.55,0,0.00892440910720702,-0.000229,44.558083042225,5.22323034395131
31.6,0,0.0022210246179971,-0.000229,44.5580830819783,5.2232303486272
31.65,0,0,-0.000229,44.5580830819783,5.2232303486272
31.7,0,0.09308,-0.000229,44.5580830819783,5.2232303486272
31.75,0.0441657320322177,0.0126013332711129,-0.000229,44.55808306524,5.2232303466584
31.8,0.125987523026592,0.0770015281048935,-0.000229,44.55808306524,5.2232303466584
31.85,0.185125650087919,0,0.0707010429505169,44.55808306524,5.2232303466584
31.9,0.221309952835306,0,0.12834082866557,44.558083051989,5.22323034509978
31.95,0.304246014343561,0,0.222697228674945,44.558083051989,5.22323034509978
32,0.349179298950936,0,0.368910416382026,44.558083051989,5.22323034509978
32.05,0.420721879950365,0,0.544187681236614,44.5580830401327,5.22323034370523
32.1,0.478856906754899,0,0.760573747411244,44.5580830401327,5.22323034370523
32.15,0.499902835459184,0,0.963626703787838,44.5580830401327,5.22323034370523
32.2,0.511171106530161,0,1.21710426050703,44.5580823071859,5.33435963987734
32.25,0.51338947691323,0,1.43084354276087,44.5580823071859,5.33435963987734
32.3,0.51233274758594,0,1.70222351045987,44.5580823071859,5.33435963987734
32.35,0.512316860862572,0,1.9421671679813,44.4787966592396,5.44548837999243
32.4,0.509690571020116,0,2.150325599332,44.4787966592396,5.44548837999243
32.45,0.510888357098186,0,2.41389893778555,44.4787966592396,5.44548837999243
32.5,0.511867553147062,0,2.68374278313493,44.4787952091691,5.66774697422053
32.55,0.511972317176613,0,2.92802843545054,44.4787952091691,5.66774697422053
32.6,0.509505940282871,0,3.1823795032252,44.4787952091691,5.66774697422053
32.65,0.506135472564866,0,3.39737547731579,44.3202224185929,6.11226304257647
32.7,0.50163735036208,0,3.61793643636364,44.3202224185929,6.11226304257647
32.75,0.493819833074339,0,3.83462979923919,44.3202224185929,6.11226304257647
32.8,0.478759884477967,0,4.05085736418671,44.2409345468208,6.55677966780515
32.85,0.456643326064382,0,4.28712860521878,44.2409345468208,6.55677966780515
32.9,0.445664357463977,0,4.48905135225639,44.2409345468208,6.55677966780515
32.95,0.436807200420278,0,4.67991196348963,44.0823611132221,7.11242504522393
33,0.436743821201759,0,4.86964397855986,44.0823611132221,7.11242504522393
33.05,0.436106323722883,0,5.0691049432271,44.0823611132221,7.11242504522393
33.1,0.438492025411209,0,5.25670516848703,44.0823611132221,7.11242504522393
33.15,0.439129101796407,0,5.46616440815647,43.8445021505894,7.77919918469636
33.2,0.438865407044226,0,5.67300780176993,43.8445021505894,7.77919918469636
33.25,0.436318583591486,0,5.84668918310956,43.8445021505894,7.77919918469636
33.3,0.439342419026048,0,6.05470526359962,43.5273561830076,8.77936067562158
33.35,0.440745981719853,0,6.11033814203459,43.5273561830076,8.77936067562158
33.4,0.441448136006078,0,6.194781,43.5273561830076,8.77936067562158
33.45,0.452997554210186,0,6.47625757976388,43.2102118809611,9.55726361823345
33.5,0.455914041798938,0,6.74536182552084,43.2102118809611,9.55726361823345
33.55,0.455937485484131,0,6.94755093196729,43.2102118809611,9.55726361823345
33.6,0.455960929169325,0,7.05279580342651,42.893066729902,10.4462958285202
33.65,0.45665199576696,0,7.11893447346714,42.893066729902,10.4462958285202
33.7,0.454832645561814,0,7.24199215689383,42.893066729902,10.4462958285202
33.75,0.457759483380282,0,7.55199665616292,42.4173515623638,11.4464563478845
33.8,0.454241792976725,0,7.92337076901409,42.4173515623638,11.4464563478845
33.85,0.45229262684603,0,8.15012116258026,42.4173515623638,11.4464563478845
33.9,0.45164932794845,0,8.31286330899082,41.7830675476951,12.3354865269144
33.95,0.449173727269728,0,8.43791288571429,41.7830675476951,12.3354865269144
34,0.448457758145463,0,8.64856810856593,41.3866388420541,13.1133890495169
34.05,0.446754887913374,0,8.77506800232617,41.3866388420541,13.1133890495169
34.1,0.439979976165955,0,8.93605848827456,41.3866388420541,13.1133890495169
34.15,0.429705377502634,0,9.07673241974359,40.6730691857564,14.2246774802117
34.2,0.406161178909418,0,9.2007647986048,40.6730691857564,14.2246774802117
34.25,0.358088770727751,0,9.42438784302383,40.6730691857564,14.2246774802117
34.3,0.323247758357707,0.00920188115450335,9.67903962362723,40.0387838016428,15.4470957796032
34.35,0.307329010758249,0,9.8057677616038,40.0387838016428,15.4470957796032
34.4,0.286823848247381,0,9.94396514165227,40.0387838016428,15.4470957796032
34.45,0.224920108610984,0.0136139262855877,10.0263862245132,39.4837826548962,16.7806439153458
34.5,0.161955852411684,0,10.0919694776517,39.4837826548962,16.7806439153458
34.55,0.125653253777942,0.012207,10.1035616823838,39.4837826548962,16.7806439153458
34.6,0.10799929478096,0.18032066294645,10.0453862842159,39.0873510766899,18.1141930458185
34.65,0.10342084917968,0.34199651358344,10.0424329526534,39.0873510766899,18.1141930458185
34.7,0.106935972310969,0.286800789366649,10.047814489991,39.0873510766899,18.1141930458185
34.75,0.110747756858421,0.282043026281634,10.0400327035612,38.8494878666662,19.6700018472738
34.8,0.120303313868617,0.150267202662998,10.0162592341184,38.8494878666662,19.6700018472738
34.85,0.168132735441518,0,9.99894563224401,38.8494878666662,19.6700018472738
34.9,0.215097623219156,0.0496737769036943,10.0574782300894,38.8494792897152,21.1146827541505
34.95,0.225601090123838,0,10.138933,38.8494792897152,21.1146827541505
35,0.211839248311812,0,10.1980366690995,38.8494792897152,21.1146827541505
35.05,0.195877330772407,0,10.1596676683738,38.8494792897152,21.1146827541505
35.1,0.186948492458736,0.107831695247715,10.1112420388048,38.8494792897152,21.1146827541505
35.15,0.181497652822072,0.100077710004198,10.1063681889198,39.0873237913054,22.6704943153659
35.2,0.168129751479289,0.0334772761762679,10.1324926627792,39.0873237913054,22.6704943153659
35.25,0.167562581710796,0.0965566024036078,10.1783570380963,39.0873237913054,22.6704943153659
35.3,0.188338486530615,0.0106483223200169,10.1428093492211,39.8801557362879,25.0042144083554
35.35,0.224167095618673,0.116775701021133,10.1320161888027,39.8801557362879,25.0042144083554
35.4,0.276338683699361,0.0796851729086358,10.1696656747967,39.8801557362879,25.0042144083554
35.45,0.293932168557384,0.0397441747894189,10.2358095270499,40.7522779260779,26.3377713878372
35.5,0.30465636341841,0.0418250858621131,10.2833849863388,40.7522779260779,26.3377713878372
35.55,0.309647304875735,0.0610111455270133,10.3231902589575,40.7522779260779,26.3377713878372
35.6,0.310040807380129,0.15259,10.3869838214286,41.7036858637587,27.4490704724222
35.65,0.302483615890254,0,10.4385592751788,41.7036858637587,27.4490704724222
35.7,0.28957308626001,0.09308,10.5227518656201,41.7036858637587,27.4490704724222
35.75,0.269848351025566,0.19379,10.6107326933466,42.9722331754067,28.3381131960711
35.8,0.270519952249771,0.213626,10.6636083795145,42.9722331754067,28.3381131960711
35.85,0.275565327217125,0,10.7067346662813,42.9722331754067,28.3381131960711
35.9,0.275918509450945,0,10.7132337124581,44.3993499167794,29.1160278996402
35.95,0.274002972683585,0,10.7652541022786,44.3993499167794,29.1160278996402
36,0.253925139393937,0.0692240118176712,10.8024762174416,45.4300468855133,29.4494230354583
36.05,0.217167100332426,0.0358727102172429,10.8293179799524,45.4300468855133,29.4494230354583
36.1,0.202093230954841,0.0284113716337333,10.822843,45.4300468855133,29.4494230354583
36.15,0.19810730960348,0.0425955113186925,10.8258602064425,47.0157353175486,29.7828221917435
36.2,0.199175921903932,0.150559045108955,10.7667395097618,47.0157353175486,29.7828221917435
36.25,0.219095883553874,0,10.7833486856316,47.0157353175486,29.7828221917435
36.3,0.24982298183089,0.0870278164998589,10.7655965258999,48.601426216485,29.7828339225665
36.35,0.264924164935565,0.120312622925501,10.801119013306,48.601426216485,29.7828339225665
36.4,0.269763386511965,0,10.7960434790302,49.6321262923632,29.6717125409229
36.45,0.271115614575112,0,10.8237667276853,49.6321262923632,29.6717125409229
36.5,0.267514949395289,0,10.8722047459879,50.6628268232203,29.4494617588859
36.55,0.258000166073546,0.213626,10.9092589712587,50.6628268232203,29.4494617588859
36.6,0.252634744806288,0.060883438549401,10.8934289350333,51.6935294995683,29.004952725666
36.65,0.235284290687849,0.011492910239233,10.8834041294186,51.6935294995683,29.004952725666
36.7,0.22375487605513,0,10.8362276463873,51.6935294995683,29.004952725666
36.75,0.212446248928974,0.204888069707797,10.8468820637796,53.1206586518206,28.1159298523742
36.8,0.208955140205754,0.219369858720917,10.8710125019372,53.1206586518206,28.1159298523742
36.85,0.221594390371737,0.0400421896981551,10.8507568896729,53.1206586518206,28.1159298523742
36.9,0.225353214944554,0.051881,10.8312585421101,54.3099365028171,27.0046467885355
36.95,0.253140415103509,0.112917,10.8239870658493,54.3099365028171,27.0046467885355
37,0.256140681937173,0.0794954367219937,10.9008225103937,54.3099365028171,27.0046467885355
37.05,0.257302233824553,0.123819467816667,10.9207897832133,54.3099365028171,27.0046467885355
37.1,0.256525875316182,0.00619830997014211,10.903668311828,54.3099365028171,27.0046467885355
37.15,0.257330635088546,0,10.7402431678363,55.3406461241855,25.7822330987083
37.2,0.259848667151028,0.0283340928096254,10.6859222109253,55.3406461241855,25.7822330987083
37.25,0.244413938412317,0,10.8655331066574,55.3406461241855,25.7822330987083
37.3,0.231808131079297,0.0928824569754162,10.9730693511639,56.292083168978,23.2262673800409
37.35,0.227718807458386,0,10.8828972184583,56.292083168978,23.2262673800409
37.4,0.222671934210526,0.0549722394248965,10.836460737244,56.292083168978,23.2262673800409
37.45,0.202169645711668,0.00917324805379199,10.9310643869436,56.529950902673,21.6704594313306
37.5,0.199823990350877,0.0871524466990632,10.9963653939671,56.529950902673,21.6704594313306
37.55,0.207047571152115,0.0103575678952889,10.950608654847,56.529950902673,21.6704594313306
37.6,0.21085218733678,0.0426718643991529,10.8473904626327,56.4506803955018,20.0035191662763
37.65,0.216561985093908,0.177403441149666,10.8230894442894,56.4506803955018,20.0035191662763
37.7,0.242804740005984,0.185463425944428,10.9156444241403,56.4506803955018,20.0035191662763
37.75,0.266445315789474,0.0567676911220078,10.9864526345217,55.9749870714436,18.4477053077949
37.8,0.278524751498203,0,10.9878386953786,55.9749870714436,18.4477053077949
37.85,0.280673324120031,0,11.0508550381159,55.9749870714436,18.4477053077949
37.9,0.280827875209629,0,11.1104357324662,55.340722527481,16.8918895840533
37.95,0.272283225329771,0.0129986173709151,11.1509658336959,55.340722527481,16.8918895840533
38,0.270873994682862,0.10447800753169,11.099447226056,55.340722527481,16.8918895840533
38.05,0.270762210797372,0.0395847011757769,11.0695418225713,54.3893175088452,15.5583300241876
38.1,0.270367813238267,0.162059625369112,11.1209431276634,54.3893175088452,15.5583300241876
38.15,0.271075147719762,0,11.1455433397448,54.3893175088452,15.5583300241876
38.2,0.270576309385566,0.012207,11.1908141187758,53.2000561966791,14.4470272644944
38.25,0.256974302534751,0.160226497545011,11.2158226180334,53.2000561966791,14.4470272644944
38.3,0.234554073690884,0.140442041330627,11.2493316426675,52.2486431202753,13.8913728179773
38.35,0.226313563396779,0.0289232917220013,11.2508600480142,52.2486431202753,13.8913728179773
38.4,0.227321290513695,0.117216059611254,11.2379120904926,51.2972311495556,13.3357188536091
38.45,0.229435024441933,0.00915892972509514,11.2081474143238,51.2972311495556,13.3357188536091
38.5,0.235947099029775,0.207373581021923,11.1517862512277,50.2665330530819,12.8911936127829
38.55,0.244721605900152,0.113405815278194,11.1446690103734,50.2665330530819,12.8911936127829
38.6,0.247163102236422,0.172427,11.125658,49.1565485114608,12.5577970476912
38.65,0.268344408453314,0.012207,11.1279383712557,49.1565485114608,12.5577970476912
38.7,0.284622546792164,0,11.1352749875896,49.1565485114608,12.5577970476912
38.75,0.304896554985612,0.0196532155737707,11.1387359926478,47.4915688106555,12.4466551300609
38.8,0.318566588181566,0,11.1721933555788,47.4915688106555,12.4466551300609
38.85,0.326251462778861,0.0505657072034137,11.2242098698651,47.4915688106555,12.4466551300609
38.9,0.330256100689987,0.071717,11.2592730947132,45.8265873054923,12.6689016733172
38.95,0.329997938398356,0.190302069478932,11.27748974064,44.7165991787176,12.8911524654272
39,0.323830714694496,0.0361193750949367,11.3183665863989,44.7165991787176,12.8911524654272
39.05,0.323113366654455,0.0101965026481983,11.3607793721928,44.7165991787176,12.8911524654272
39.1,0.322491223888094,0,11.3933038716195,43.6858946367293,13.335662647964
39.15,0.323059561571853,0,11.3631908876533,43.6858946367293,13.335662647964
39.2,0.322551673270738,0.0452464430745814,11.4027467566209,42.7344741104675,13.8913027762223
39.25,0.329891364377358,0.104087297744355,11.4292298305085,42.7344741104675,13.8913027762223
39.3,0.363321680685362,0.132753,11.4318864816027,41.7830529778217,14.5580723241899
39.35,0.372846325517382,0.0294666611899224,11.4071631177436,41.7830529778217,14.5580723241899
39.4,0.334140252395222,0,11.4288054852023,40.9902007928671,15.3359723175021
39.45,0.325877300027244,0,11.4643920118939,40.9902007928671,15.3359723175021
39.5,0.261660140703658,0.0249539145989286,11.369956080591,40.2766327573394,16.2250021741731
39.55,0.224576615071588,0.0790677802218348,11.3177735803492,40.2766327573394,16.2250021741731
39.6,0.214920470794392,0.213626,11.3103810194722,39.6423490256947,17.2251619298758
39.65,0.214984477775543,0.326103847409823,11.2487413760869,39.6423490256947,17.2251619298758
39.7,0.21169828519084,0.25717268564506,11.0480279432133,39.6423490256947,17.2251619298758
39.75,0.21335670325511,0.266598943107669,10.9602857944949,39.0080628762808,18.7809685849203
39.8,0.214114377742699,0.220773154411779,10.9518621007024,39.0080628762808,18.7809685849203
39.85,0.213987115514392,0.232603396730778,10.9801521536694,39.0080628762808,18.7809685849203
39.9,0.213961115208621,0.23164172122318,10.9804070584791,39.0080628762808,18.7809685849203
39.95,0.213935114902849,0.230680045715582,10.9806619632888,39.0080628762808,18.7809685849203
40,0.213909114597078,0.229718370207984,10.9809168680986,39.0080628762808,18.7809685849203
40.05,0.213883114291307,0.228756694700386,10.9811717729083,39.0080628762808,18.7809685849203
40.1,0.213857113985535,0.227795019192788,10.981426677718,39.0080628762808,18.7809685849203
40.15,0.213831113679764,0.22683334368519,10.9816815825278,39.0080628762808,18.7809685849203
40.2,0.213805113373992,0.225871668177592,10.9819364873375,39.0080628762808,18.7809685849203
40.25,0.213779113068221,0.224909992669994,10.9821913921472,39.0080628762808,18.7809685849203
40.3,0.21375311276245,0.223948317162395,10.9824462969569,39.0080628762808,18.7809685849203
40.35,0.213727112456678,0.222986641654797,10.9827012017667,39.0080628762808,18.7809685849203
40.4,0.213701112150907,0.222024966147199,10.9829561065764,39.0080628762808,18.7809685849203
40.45,0.213675111845136,0.221063290639601,10.9832110113861,39.0080628762808,18.7809685849203
40.5,0.213649111539364,0.220101615132003,10.9834659161959,39.0080628762808,18.7809685849203
40.55,0.213623111233593,0.219139939624405,10.9837208210056,39.0080628762808,18.7809685849203
40.6,0.213597110927821,0.218178264116807,10.9839757258153,39.0080628762808,18.7809685849203
40.65,0.21357111062205,0.217216588609209,10.9842306306251,39.0080628762808,18.7809685849203
40.7,0.213545110316279,0.216254913101611,10.9844855354348,39.0080628762808,18.7809685849203
40.75,0.213519110010507,0.215293237594013,10.9847404402445,39.0080628762808,18.7809685849203
40.8,0.213493109704736,0.214331562086414,10.984894,38.6116234755515,21.4480692912748
40.85,0.25336230307076,0.114804723643803,11.6038120933217,42.575810689765,28.3381107917455
40.9,0.152761163881551,0.12850165130028,12.197837024706,44.0822120782555,29.1160259763894
40.95,0.103369575361806,0.0746177897399617,12.320326720664,44.0822120782555,29.1160259763894
41,0.0821684136262099,0,12.278436977865,44.0822120782555,29.1160259763894
41.05,0.0656980932297448,0.0619953365052609,12.102295073,44.0822120782555,29.1160259763894
41.1,0.0674907652859961,0.051881,11.9480344837364,44.0822120782555,29.1160259763894
41.15,0.115376886956527,0.0854980819179635,11.6741888693392,45.6678993044647,29.6716835309661
41.2,0.176779778040378,0.102167463676061,11.4287450761839,45.6678993044647,29.6716835309661
41.25,0.215638191191094,0.202982070325124,11.2492439961003,45.6678993044647,29.6716835309661
41.3,0.237421268595043,0.0311878389157376,11.095368726123,48.4428568948475,29.893962402284
41.35,0.254782212450087,0.00293754014149643,10.9621187664898,48.4428568948475,29.893962402284
41.4,0.254401013544017,0.071717,10.9265176567208,48.4428568948475,29.893962402284
41.45,0.243367393158723,0.032044,10.8967211811686,50.0285492550204,29.6717157350662
41.5,0.23706393587964,0,10.9252138748293,50.0285492550204,29.6717157350662
41.55,0.233108540721837,0.0207747754985675,10.9453496656362,50.0285492550204,29.6717157350662
41.6,0.233166756933938,0.0256885616989487,10.94152957039,51.5349598002581,29.1160809234429
41.65,0.236179179174112,0.0332956641374003,10.9107324201008,51.5349598002581,29.1160809234429
41.7,0.236917728982951,0.011729499225403,10.8794764518191,51.5349598002581,29.1160809234429
41.75,0.219421179120158,0.111553612582766,10.8817330294562,52.9620888774632,28.2270579890092
41.8,0.206105614772226,0.279318959443017,10.8933545539437,52.9620888774632,28.2270579890092
41.85,0.246032608139928,0,10.8394978682272,52.9620888774632,28.2270579890092
41.9,0.27499161410545,0.032267127445215,10.8495536653892,54.2306512763682,27.1157755628788
41.95,0.288681674592258,0,10.8458674283613,54.2306512763682,27.1157755628788
42,0.293247796003166,0.12892004185218,10.9211046266331,54.8649343435964,26.3378757590094
42.05,0.298374719364283,0.0351972602287982,10.9983797109505,54.8649343435964,26.3378757590094
42.1,0.299900274868047,0.0434967571196195,11.0321498698388,54.8649343435964,26.3378757590094
42.15,0.295766151781652,0,10.9132269530169,55.6577926724178,24.8932016908748
42.2,0.287564218447097,0.0107314285714294,10.8582609453952,55.6577926724178,24.8932016908748
42.25,0.272214128088104,0,11.0061412802906,55.6577926724178,24.8932016908748
42.3,0.266179154089605,0.172427,11.0685778030554,56.0542264934203,23.4485235350981
42.35,0.257146166529267,0,11.1582088243604,56.0542264934203,23.4485235350981
42.4,0.246001625064201,0.0285371144113126,11.0351079912695,56.2128053084482,22.3372319467732
42.45,0.223103621242768,0.0385036189762075,11.0121980867606,56.2128053084482,22.3372319467732
42.5,0.218052800340974,0.00474815845870858,11.0754174008666,56.2128149571146,21.2259390156028
42.55,0.211841185371158,0.00503156919981513,11.1244357414885,56.2128149571146,21.2259390156028
42.6,0.215116773349938,0.00835126103167962,11.0831233021692,56.1335400896775,20.11464544991
42.65,0.21427292376965,0.0734334229470668,11.0503459439611,56.1335400896775,20.11464544991
42.7,0.207204208025343,0,11.1101398948421,56.1335400896775,20.11464544991
42.75,0.204978040984461,0.0611214532471576,11.1572747205873,55.6578466635875,18.5588316242475
42.8,0.206981906076119,0.00659956353840631,11.1592430828357,55.6578466635875,18.5588316242475
42.85,0.200847537681747,0.0942052604830292,11.1645406180707,55.6578466635875,18.5588316242475
42.9,0.196853944981275,0.113733234379441,11.1832445679906,54.9442974441838,17.003015300597
42.95,0.188435490687857,0,11.2350945027188,54.9442974441838,17.003015300597
43,0.181742057062488,0.0150534075115472,11.224537,54.230742556834,16.1139749117258
43.05,0.161352206707139,0.0274326189123237,11.1976061688095,54.230742556834,16.1139749117258
43.1,0.152136175475687,0.0389068258506002,11.1879368981775,54.230742556834,16.1139749117258
43.15,0.147057426501035,0.071717,11.159355045432,53.5171865848652,15.3360639060543
43.2,0.144892302325581,0.0341548086402078,11.1729748742475,53.5171865848652,15.3360639060543
43.25,0.145236776448381,0.09308,11.1306777087994,53.5171865848652,15.3360639060543
43.3,0.151908934748996,0,11.1000829747036,51.7729343771016,13.8913689049543
43.35,0.167657424581006,0.161509621219686,11.0436438706207,51.7729343771016,13.8913689049543
43.4,0.175763244800668,0.00658811284231259,11.015852071125,51.7729343771016,13.8913689049543
43.45,0.18091431976142,0,10.9510304549528,50.3458152454409,13.1134526035702
43.5,0.183252500063476,0.0539503068351391,10.9098083810986,50.3458152454409,13.1134526035702
43.55,0.186402337990685,0,10.8871532729809,50.3458152454409,13.1134526035702
43.6,0.199592749423774,0.0389971159350204,10.8397467595978,48.7601245409777,12.5577939941033
43.65,0.220175840508748,0.156697059766598,10.7870167998105,48.7601245409777,12.5577939941033
43.7,0.237001359712278,0.223190628950081,10.7806243652918,48.7601245409777,12.5577939941033
43.75,0.341685541029766,0.0249027135449123,10.784270800141,47.1744307794784,12.3355235614357
43.8,0.410477233743918,0.304123716797269,10.8738166607676,47.1744307794784,12.3355235614357
43.85,0.475112853544867,0.0299303995813793,10.9663890631978,47.1744307794784,12.3355235614357
43.9,0.513933369597096,0.0299789743127344,11.1026022334971,45.588735018432,12.4466415178492
43.95,0.530022409572858,0,11.2940459503426,45.588735018432,12.4466415178492
44,0.542482076367685,0,11.4338975500998,44.5580310604203,12.7800222557948
44.05,0.583845864312946,0,11.6520266558775,44.5580310604203,12.7800222557948
44.1,0.60570729088492,0,11.8289101260756,44.5580310604203,12.7800222557948
44.15,0.641016437319783,0,12.0493923669567,43.0516162952231,13.446787795148
44.2,0.675446993536828,0,12.3445688807208,43.0516162952231,13.446787795148
44.25,0.574597974725698,0,12.7197909404973,43.0516162952231,13.446787795148
44.3,0.242113269662913,0.353957911560336,12.9540586588748,41.5452004191433,14.3358122753088
44.35,0.0247330207253814,2.61112744939435,12.7829792705397,41.5452004191433,14.3358122753088
44.4,0,4.91284046969927,12.2731079289664,41.5452004191433,14.3358122753088
44.45,0,7.40165458357067,11.977798,40.1973524829315,15.558226031625
44.5,0,7.27197951916659,11.7353062349712,40.1973524829315,15.558226031625
44.55,0,5.88830379820785,11.4320790740128,40.1973524829315,15.558226031625
44.6,0,3.81887212079586,11.2780380719436,38.9287891828807,16.8917698964652
44.65,0,1.32114261621617,11.1815371664403,38.9287891828807,16.8917698964652
44.7,0,1.35282994157254,11.1103308601802,38.9287891828807,16.8917698964652
44.75,0,2.96714535406652,10.9183144493243,37.6602266018544,18.1141845231546
44.8,0,3.23808619515914,10.7183487295769,37.6602266018544,18.1141845231546
44.85,0,2.86916760915835,10.6069290851488,37.6602266018544,18.1141845231546
44.9,0,2.85037926751247,10.595479502297,36.2330960197347,19.2254693226025
44.95,0,2.83159092586658,10.5840299194453,36.2330960197347,19.2254693226025
45,0,2.8128025842207,10.5725803365935,36.2330960197347,19.2254693226025
45.05,0,2.79401424257481,10.57084,36.2330960197347,19.2254693226025
45.1,0,2.77522590092893,10.3312229547111,36.2330960197347,19.2254693226025
45.15,0,2.75643755928304,10.3107428773375,34.8852524681359,20.0033670297991
45.2,0.173954441722489,0,10.1763259188683,34.8852524681359,20.0033670297991
45.25,0.184643853841059,0,9.99598702106276,34.8852524681359,20.0033670297991
45.3,0.188408422415408,0,9.98602211020408,32.4274240070272,20.7812593238605
45.35,0.194674326023166,0,9.98442268067337,32.4274240070272,20.7812593238605
45.4,0.193998111243739,0,10.0102908780921,31.4760080568137,20.7812545605176
45.45,0.194278686557005,0,10.0207470888287,31.4760080568137,20.7812545605176
45.5,0.195641602050137,0,10.0028297524906,31.4760080568137,20.7812545605176
45.55,0.193223413178985,0,10.0300187257506,29.9696001625741,20.6701181272624
45.6,0.191660404772095,0,10.0450891440944,29.9696001625741,20.6701181272624
45.65,0.189374866995074,0,10.0323247310769,29.9696001625741,20.6701181272624
45.7,0.189007132198324,0,10.0508367926125,29.9696001625741,20.6701181272624
45.75,0.190079722460137,0,10.0641459473425,28.4631934084304,20.3367236080581
45.8,0.195703571490859,0,10.068264097524,28.4631934084304,20.3367236080581
45.85,0.204465745949449,0,10.0614653383286,28.4631934084304,20.3367236080581
45.9,0.239846820721772,0,10.094711018323,26.7189351698273,19.336552618404
45.95,0.254865084983833,0,10.1795460564612,26.7189351698273,19.336552618404
46,0.259155105158533,0,10.2496899648885,25.9260910950931,18.6697736003061
46.05,0.258451916988025,0,10.2742508986487,25.9260910950931,18.6697736003061
46.1,0.254609175690705,0,10.3517283970937,25.9260910950931,18.6697736003061
46.15,0.25458160167715,0,10.3945158039572,24.8953944631134,17.5584765469138
46.2,0.250897517822687,0,10.4186538749633,24.8953944631134,17.5584765469138
46.25,0.252214205552801,0,10.4871758865013,24.8953944631134,17.5584765469138
46.3,0.252855716742081,0,10.501101785859,24.1025525345823,16.2249220218804
46.35,0.253221638894575,0,10.5340751865009,24.1025525345823,16.2249220218804
46.4,0.253028646177847,0,10.58701951919,23.6268474529278,15.3358858558599
46.45,0.253236505937212,0,10.6242867845514,23.6268474529278,15.3358858558599
46.5,0.250143766370204,0,10.6165001727199,23.3097121048237,14.3357210015353
46.55,0.246523495693295,0,10.6212690045158,23.3097121048237,14.3357210015353
46.6,0.243870164678498,0,10.7629577345976,23.1511465680244,13.2244274482875
46.65,0.236376164582697,0,10.8382099618086,23.1511465680244,13.2244274482875
46.7,0.230222438219625,0,10.762417,23.1511465680244,13.2244274482875
46.75,0.227786106354956,0,10.7794431524553,23.0718673927685,11.6686170454844
46.8,0.233210949063988,0,10.8065036916884,23.0718673927685,11.6686170454844
46.85,0.239734352034261,0,10.8464776235958,23.0718673927685,11.6686170454844
46.9,0.243476750456038,0,10.878462,23.3890126917225,10.0016788494183
46.95,0.245875736539625,0,10.9144134950937,23.3890126917225,10.0016788494183
47,0.26531552363189,0,10.9563094250065,23.7061553772405,9.00151629430796
47.05,0.270702454249783,0,11.0030282837811,23.7061553772405,9.00151629430796
47.1,0.264667109097881,0,11.0371611859025,23.7061553772405,9.00151629430796
47.15,0.259375956893126,0,11.0697043978916,24.1818678259366,8.00135437302285
47.2,0.257617070500197,0,11.0633638548708,24.1818678259366,8.00135437302285
47.25,0.257096965787668,0,11.0986303694945,24.1818678259366,8.00135437302285
47.3,0.254427065388496,0,11.0931588166635,25.5297167424575,6.22329087667068
47.35,0.255331028841752,0,11.1084974669165,25.5297167424575,6.22329087667068
47.4,0.253753521736254,0,11.1179482488307,26.3225682181054,5.44538899250229
47.45,0.257809674777868,0,11.1404821651923,27.1947040737151,4.77861680259763
47.5,0.26143336640339,0,11.1864015963611,27.1947040737151,4.77861680259763
47.55,0.261027802218114,0,11.1620234954955,27.1947040737151,4.77861680259763
47.6,0.258865568369726,0,11.1980662777944,28.2254092063942,4.33410407079323
47.65,0.247505515996387,0,11.2211081291866,28.2254092063942,4.33410407079323
47.7,0.237076571124443,0,11.191577,28.2254092063942,4.33410407079323
47.75,0.233078087560806,0,11.2052790464793,29.8111090769851,3.77846474935938
47.8,0.232722595893491,0,11.1616580506519,29.8111090769851,3.77846474935938
47.85,0.235997057790199,0,11.1348359180635,29.8111090769851,3.77846474935938
47.9,0.235934555301827,0,11.1079424492381,31.4760924472273,3.55621407383105
47.95,0.235984846948723,0,11.0145984975318,31.4760924472273,3.55621407383105
48,0.237719457694211,0,11.0036737509343,32.5860804087127,3.55621955731074
48.05,0.230962837768417,0,11.0376748853941,32.5860804087127,3.55621955731074
48.1,0.226898116928111,0,11.2097940957604,32.5860804087127,3.55621955731074
48.15,0.221004201426024,0,11.1447844165096,34.2510609955305,3.88961606602904
48.2,0.216992740432865,0,11.0227104229366,34.2510609955305,3.88961606602904
48.25,0.214986058475958,0,11.0055000186944,34.2510609955305,3.88961606602904
48.3,0.212015760028508,0,11.0369264969966,35.7574697050582,4.5563999924657
48.35,0.213914425069197,0,11.0981942199471,35.7574697050582,4.5563999924657
48.4,0.214403744433152,0,11.1054814955544,36.7088847849442,5.11205179422062
48.45,0.217405807256238,0,11.0841043684286,37.5810140456697,5.77883254301794
48.5,0.221365170421255,0,11.1021606397903,37.5810140456697,5.77883254301794
48.55,0.230847770505884,0,11.0908112934338,37.5810140456697,5.77883254301794
48.6,0.242146268960674,0,11.0939808877207,38.373858089738,6.55674230477655
48.65,0.248189359720606,0,11.0354497053663,38.373858089738,6.55674230477655
48.7,0.252244490741688,0,11.0903958214461,38.373858089738,6.55674230477655
48.75,0.252125589820359,0,11.1332981528885,39.325267151091,7.89029940220692
48.8,0.25023883509342,0,11.1259127200973,39.325267151091,7.89029940220692
48.85,0.249138829123957,0,11.1243477273598,39.325267151091,7.89029940220692
48.9,0.25181887152339,0,11.1965024079583,39.9595361316119,9.44611341397551
48.95,0.264788249441789,0,11.2804126226682,39.9595361316119,9.44611341397551
49,0.320076289284596,0,11.2699822948705,40.1973836570325,10.5574078347019
49.05,0.336448472443506,0,11.2067671648753,40.1973836570325,10.5574078347019
49.1,0.335526667777454,0,11.3110039378698,40.1973836570325,10.5574078347019
49.15,0.320388141673338,0,11.4261133459068,40.3559461734613,11.6687017275075
49.2,0.298066369148783,0,11.5103228039391,40.3559461734613,11.6687017275075
49.25,0.283695247630601,0,11.4624681850671,40.3559461734613,11.6687017275075
49.3,0.279430827547031,0,11.4140467418583,40.1973624349407,14.0024160131909
49.35,0.273855856429914,0,11.4317526469275,40.1973624349407,14.0024160131909
49.4,0.272026124757442,0,11.4355837185252,40.1973624349407,14.0024160131909
49.45,0.27128142915829,0,11.4479788809993,39.8009283327601,15.6693529229829
49.5,0.268200289897227,0,11.4334374794022,39.8009283327601,15.6693529229829
49.55,0.25648576958648,0.0978995998968725,11.4274905918284,39.8009283327601,15.6693529229829
49.6,0.223608545060501,0,11.3555256285034,39.0080719681292,17.225158302212
49.65,0.212384658822217,0.0524438396989616,11.2977115670926,39.0080719681292,17.225158302212
49.7,0.182849423791821,0.999466,11.1339615013313,39.0080719681292,17.225158302212
49.75,0.100952500749623,0.964240841935003,10.9580333577792,37.9773627121166,18.5587035440864
49.8,0.0387453320377517,0.720044681507374,10.750166181492,37.9773627121166,18.5587035440864
49.85,0.031999591080747,0.241463969196055,10.6549822294719,37.9773627121166,18.5587035440864
49.9,0.0321940529632754,0.216764405748759,10.643633045065,36.7088017159597,19.669989283442
49.95,0.0323885148458038,0.192064842301465,10.632283860658,36.7088017159597,19.669989283442
50,0.0325829767283321,0.167365278854172,10.620966,36.7088017159597,19.669989283442
50.05,0.30488760219938,0,10.3952238736426,35.2816729950186,20.5590157987105
50.1,0.341823571428571,0,10.3749820821834,35.2816729950186,20.5590157987105
50.15,0.355523468986385,0,10.410945412584,35.2816729950186,20.5590157987105
50.2,0.360659747425714,0,10.5250614235102,33.7752621654051,21.0035249343858
50.25,0.362536777644591,0,10.6114412611998,33.7752621654051,21.0035249343858
50.3,0.360399551043876,0,10.7077527819478,32.7445611795818,21.1146489674239
50.35,0.348633917677471,0,10.7833451788873,32.7445611795818,21.1146489674239
50.4,0.336132482205513,0,10.7987235512857,32.7445611795818,21.1146489674239
50.45,0.327390273743014,0,10.8419936146005,31.2381529387704,21.1146416044667
50.5,0.310664930602803,0,10.8586975187344,31.2381529387704,21.1146416044667
50.55,0.295924466904437,0,10.9699884500595,31.2381529387704,21.1146416044667
50.6,0.292641462631316,0,11.053720259841,29.6524619556989,20.6701169567661
50.65,0.292206027964342,0,11.107942,29.6524619556989,20.6701169567661
50.7,0.290960321881554,0,11.218740910874,29.6524619556989,20.6701169567661
50.75,0.291660029674504,0,11.2547889003238,28.1460559932339,20.0033341710411
50.8,0.295506198323291,0,11.3033656466499,28.1460559932339,20.0033341710411
50.85,0.295754410108832,0,11.3400669778169,28.1460559932339,20.0033341710411
50.9,0.295473954422271,0,11.4040006832172,26.7189363989489,19.0031646211581
50.95,0.291984294634598,0,11.4686610559152,26.7189363989489,19.0031646211581
51,0.290439880554603,0,11.4832922271887,26.7189363989489,19.0031646211581
51.05,0.286583099249374,0,11.5122679081217,26.7189363989489,19.0031646211581
51.1,0.278469392252604,0,11.5086103633526,26.7189363989489,19.0031646211581
51.15,0.262299966181772,0,11.4778579658382,25.5296706465639,17.891866865948
51.2,0.251269797256096,0,11.4874894216062,25.5296706465639,17.891866865948
51.25,0.245397322948403,0,11.4705502913425,25.5296706465639,17.891866865948
51.3,0.247649377725119,0,11.4567600835889,23.9439858642295,15.447016274736
51.35,0.248153171632059,0,11.465789413674,23.9439858642295,15.447016274736
51.4,0.245280341066089,0,11.4368696035735,23.9439858642295,15.447016274736
51.45,0.242551000539957,0,11.2874285346939,23.3097137332383,13.8912038337314
51.5,0.241195129985423,0,11.2461762290421,23.3097137332383,13.8912038337314
51.55,0.241287752571163,0,11.3443535290763,23.3097137332383,13.8912038337314
51.6,0.242383224613196,0,11.3974730647003,23.0718657524818,12.2242637033785
51.65,0.245581604185505,0,11.3389607457328,23.0718657524818,12.2242637033785
51.7,0.245957587599176,0,11.2446282692342,23.0718657524818,12.2242637033785
51.75,0.243673521613833,0,11.1682361271357,23.151156720871,10.4461951689168
51.8,0.244697534107201,0,11.1360049789139,23.151156720871,10.4461951689168
51.85,0.244555021033921,0.012207,11.2125202762135,23.151156720871,10.4461951689168
51.9,0.244519432974572,0,11.2212758997699,23.6268710844121,8.89038674609733
51.95,0.244870716775593,0,11.1619469311966,23.6268710844121,8.89038674609733
52,0.247163472698908,0,11.0967607978869,24.1818685052902,7.89022516551939
52.05,0.250375418597698,0,11.1650786136922,24.1818685052902,7.89022516551939
52.1,0.254350028500838,0,11.1263618032933,24.1818685052902,7.89022516551939
52.15,0.258048354299605,0,11.1466707208653,25.1332919411775,6.44554797156261
52.2,0.255753118303347,0,11.1698615397755,25.1332919411775,6.44554797156261
52.25,0.255472834317076,0,11.192033933409,25.1332919411775,6.44554797156261
52.3,0.252780349224405,0,11.2102156197298,26.3225689770477,5.33425976154312
52.35,0.251239333997757,0,11.2123383400576,26.3225689770477,5.33425976154312
52.4,0.248356605560647,0,11.2711728287245,27.273989226365,4.77861718956429
52.45,0.247661821368815,0,11.2854051598758,28.3046949433342,4.22297518315734
52.5,0.248571790359738,0,11.3349626210139,28.3046949433342,4.22297518315734
52.55,0.248206110643715,0,11.3939558561312,28.3046949433342,4.22297518315734
52.6,0.248981012169783,0,11.4016094163729,29.4146840570025,3.88959219936512
52.65,0.251797053677742,0,11.4140834951017,29.4146840570025,3.88959219936512
52.7,0.251756829782094,0,11.3998871840425,29.4146840570025,3.88959219936512
52.75,0.25110611898017,0,11.43328,31.0003831376218,3.55621176193722
52.8,0.250558635432045,0,11.3710045604877,31.0003831376218,3.55621176193722
52.85,0.250444378417967,0,11.3322899058233,31.0003831376218,3.55621176193722
52.9,0.251505730952613,0.012207,11.3374364327764,32.7446500177458,3.55622034580868
52.95,0.254555416493622,0,11.3981594466647,32.7446500177458,3.55622034580868
53,0.255525061737131,0,11.4484344323216,32.7446500177458,3.55622034580868
53.05,0.256325545223146,0,11.3809140633012,32.7446500177458,3.55622034580868
53.1,0.260526096892835,0,11.3074980285822,32.7446500177458,3.55622034580868
53.15,0.260886090051458,0,11.3123393049734,34.4096304217543,3.88961687462379
53.2,0.262647014200453,0,11.3459776652213,34.4096304217543,3.88961687462379
53.25,0.266855367520523,0,11.3938023711726,34.4096304217543,3.88961687462379
53.3,0.268819432624114,0,11.4135049412063,36.9467390166088,5.11205310651726
53.35,0.272113228283439,0,11.4208293513514,37.898152611059,5.88996366748871
53.4,0.270936474838603,0,11.4276193215587,37.898152611059,5.88996366748871
53.45,0.28855583651677,0,11.4020863215859,37.898152611059,5.88996366748871
53.5,0.348552520425299,0,11.3644225634904,38.6909964099057,6.66787343219862
53.55,0.397283931379423,0,11.2540244136914,38.6909964099057,6.66787343219862
53.6,0.485057326214102,0,11.3326329456681,39.3252699128085,7.55691166533655
53.65,0.546625009489567,0,11.4495409920596,39.3252699128085,7.55691166533655
53.7,0.625594350308147,0,11.6308400011454,39.3252699128085,7.55691166533655
53.75,0.677073211520701,0,11.8933541280015,40.1181082172601,9.11272661551909
53.8,0.737944873346201,0,12.2543824996012,40.1181082172601,9.11272661551909
53.85,0.800404423213386,0,12.8627041242759,40.1181082172601,9.11272661551909
53.9,0.823578748764999,0,12.9699034389644,40.5938062683293,10.7796689281224
53.95,0.863103758292355,0,13.0248262571674,40.5938062683293,10.7796689281224
54,0.886889511550751,0,13.2759919663467,40.6730841407582,11.8909623915798
54.05,0.830508641033451,0,14.0150624098638,40.6730841407582,11.8909623915798
54.1,0.55688140447712,0,14.4450281985538,40.6730841407582,11.8909623915798
54.15,0.437187410649606,0,14.5156983350157,40.5937879254395,13.7801600388488
54.2,0.435902407027508,0,14.3982945563612,40.5937879254395,13.7801600388488
54.25,0.51405779573268,0,14.3021622635089,40.5937879254395,13.7801600388488
54.3,0.576851722657445,0,14.44053807559,40.2766369522714,15.669355993395
54.35,0.594760619883041,0,14.5884242427185,40.2766369522714,15.669355993395
54.4,0.498170540911522,0,14.7713113820837,39.8009210900759,16.8917752853071
54.45,0.22583894324988,0.676800544702116,14.7048550710853,39.8009210900759,16.8917752853071
54.5,0.0168766536561897,3.57135536859521,13.9754729972359,39.4044900529097,18.114195076048
54.55,0,2.2881352111873,13.3836087706331,39.4044900529097,18.114195076048
54.6,0,0.0171872494703512,13.698162161988,38.7702048328427,19.4477429317719
54.65,0,0,13.8643148032884,38.7702048328427,19.4477429317719
54.7,0,0.0597430984612112,13.5137211405819,38.7702048328427,19.4477429317719
54.75,0,1.52925335143252,13.2554594157833,37.5809248798152,21.1146752588805
54.8,0,3.65728748640205,13.1161503020006,37.5809248798152,21.1146752588805
54.85,0,3.70176375484282,12.91783,37.5809248798152,21.1146752588805
54.9,0,3.72356464010869,12.91783,37.5809248798152,21.1146752588805
54.95,0,3.74536552537457,12.91783,36.5502142802632,22.8927380458254
55,0,3.76716641064045,12.91783,36.5502142802632,22.8927380458254
55.05,0,6.14159075000001,12.3963080671898,36.5502142802632,22.8927380458254
55.1,0,5.71240060853015,11.915483175935,36.5502142802632,22.8927380458254
55.15,0,5.632105,11.598596367815,35.5195056479453,24.4485425227506
55.2,0,5.82008537416519,11.3731376853988,35.5195056479453,24.4485425227506
55.25,0,4.871394796719,11.1481391138133,35.5195056479453,24.4485425227506
55.3,0,2.47290809720395,11.0199774742944,33.7752308839794,27.0045070351729
55.35,0,1.02157803377331,10.9433029707358,33.7752308839794,27.0045070351729
55.4,0,0.3176969933526,10.88125962121,33.140949712297,27.8935381529731
55.45,0,0.0355441102489145,10.8622612398878,33.140949712297,27.8935381529731
55.5,0,0,10.7714548886418,32.4273842464561,28.7825690186704
55.55,0,0,10.6955951931877,32.4273842464561,28.7825690186704
55.6,0,0,10.5929958711142,31.7138193966281,29.560470556852
55.65,0,0,10.4750035765669,31.7138193966281,29.560470556852
55.7,0,0,10.354133479648,31.7138193966281,29.560470556852
55.75,0,0,10.2833399548184,30.524546100158,30.6717579983614
55.8,0,0.0510433566146493,10.2076382424306,30.524546100158,30.6717579983614
55.85,0,0.0360747471552297,10.1161844917735,30.524546100158,30.6717579983614
55.9,0,0,10.0713090591629,29.2559895640344,31.5607865837683
55.95,0,0,10.0539729069791,29.2559895640344,31.5607865837683
56,0,0,9.97762815476422,29.2559895640344,31.5607865837683
56.05,0,0,9.89211216881836,27.8288646931813,32.338685286534
56.1,0,0,9.52035205394255,27.8288646931813,32.338685286534
56.15,0,0,9.61019480660209,27.8288646931813,32.338685286534
56.2,0,0,9.64703264447152,26.401741665104,32.7831965637241
56.25,0,0,9.63207459327006,26.401741665104,32.7831965637241
56.3,0,0,9.59674640462953,25.4503267637383,33.0054514598107
56.35,0,0,9.55763450473185,25.4503267637383,33.0054514598107
56.4,0,0,9.51843627978269,24.4989117940519,33.2277063262511
56.45,0,0,9.46744595024875,24.4989117940519,33.2277063262511
56.5,0,0,9.42004441566264,23.5474977194961,33.2277027536164
56.55,0,0,9.3690463338031,23.5474977194961,33.2277027536164
56.6,0,0,9.32843211997176,22.5960834835636,33.2276990809583
56.65,0,0,9.28450846327794,22.5960834835636,33.2276990809583
56.7,0,0,9.26762172950577,22.5960834835636,33.2276990809583
56.75,0,0,9.20401668356797,21.1689625291742,33.2276944160672
56.8,0,0,9.12356240375536,21.1689625291742,33.2276944160672
56.85,0,0,9.08039325825571,21.1689625291742,33.2276944160672
56.9,0,0,9.02043618980322,19.8211262385623,33.1165607299493
56.95,0,0,8.99545635898461,18.8697125683922,33.0054286941646
57,0,0,8.98570873606687,18.8697125683922,33.0054286941646
57.05,0,0,8.94777145914663,18.8697125683922,33.0054286941646
57.1,0,0,8.87255118699909,17.9975832994916,32.894296894835
57.15,0,0,8.81311388635287,17.9975832994916,32.894296894835
57.2,0,0,8.76392430145218,17.0461694941872,32.7831650084068
57.25,0,0,8.74458493587095,17.0461694941872,32.7831650084068
57.3,0,0,8.72496064019656,16.1740402260579,32.6720335791958
57.35,0,0,8.66171749012201,16.1740402260579,32.6720335791958
57.4,0,0,8.61964173842808,15.3019108244656,32.5609020590969
57.45,0,0,8.57472989979123,15.3019108244656,32.5609020590969
57.5,0,0,8.52542223979698,14.4297814905001,32.4497708666378
57.55,0,0,8.47663819824928,14.4297814905001,32.4497708666378
57.6,0,0,8.44489076971774,13.5576520800777,32.338639693411
57.65,0,0,8.422294,13.5576520800777,32.338639693411
57.7,0,0,8.422294,13.5576520800777,32.338639693411
57.75,0,0,8.422294,13.5576520800777,32.338639693411
57.8,0,0,8.422294,12.2891003094414,32.1163786826195
57.85,0,0,8.33000331461466,12.2891003094414,32.1163786826195
57.9,0,0,8.25576322352233,11.0998329111405,31.8941179050156
57.95,0,0,8.17440314294071,11.0998329111405,31.8941179050156
58,0,0,8.1128734757738,10.2277033728892,31.7829872103887
58.05,0,0,8.07936730342577,10.2277033728892,31.7829872103887
58.1,0,0,8.02362887729296,10.2277033728892,31.7829872103887
58.15,0,0,8.00022117469658,9.03843587401788,31.5607269215329
58.2,0,0,7.96490280392722,9.03843587401788,31.5607269215329
58.25,0,0,7.9300999748658,9.03843587401788,31.5607269215329
58.3,0,0,7.87759351215315,7.84916825378216,31.3384667171258
58.35,0,0,7.8466716188605,7.84916825378216,31.3384667171258
58.4,0,0,7.79219059388175,7.84916825378216,31.3384667171258
58.45,0,0,7.73567929273121,6.65990057867059,31.1162068419398
58.5,0,0,7.70948300572519,6.65990057867059,31.1162068419398
58.55,0,0,7.68458094502939,6.65990057867059,31.1162068419398
58.6,0,0,7.63012389379837,5.5499173562958,30.8939472838584
58.65,0,0,7.60185019164173,5.5499173562958,30.8939472838584
58.7,0,0,7.56044213898689,5.5499173562958,30.8939472838584
58.75,0,0,7.51099005653328,4.36064950641361,30.6716878062371
58.8,0,0,7.47407345925612,4.36064950641361,30.6716878062371
58.85,0,0,7.44262997853757,4.36064950641361,30.6716878062371
58.9,0,0,7.38747066834592,3.25066611326955,30.4494286051335
58.95,0,0,7.32874495238095,3.25066611326955,30.4494286051335
59,0,0,7.30209780691874,3.25066611326955,30.4494286051335
59.05,0,0,7.26874086911865,3.25066611326955,30.4494286051335
59.1,0,0,7.1865191640231,3.25066611326955,30.4494286051335
59.15,0,0,7.15108757469244,2.14068263927726,30.2271695843659
59.2,0,0,7.12404275096163,2.14068263927726,30.2271695843659
59.25,0,0,7.06301806988022,2.14068263927726,30.2271695843659
59.3,0,0,7.04684790933281,0.317138180583092,30.0049107324775
59.35,0,0,7.00648660847086,0.317138180583092,30.0049107324775
59.4,0,0,6.97185497541913,0.317138180583092,30.0049107324775
59.45,0,0,6.92304436363636,-0.713560933580941,29.7826522497522
59.5,0,0,6.87160337122708,-0.713560933580941,29.7826522497522
59.55,0,0.2533,6.83103745400952,-0.713560933580941,29.7826522497522
59.6,0,0.0788159424425537,6.7822469821097,-1.74426008897945,29.6715231366505
59.65,0,0.0822257571702888,6.72340486019956,-1.74426008897945,29.6715231366505
59.7,0,0.17058657601755,6.68887818474928,-1.74426008897945,29.6715231366505
59.75,0,0.0678193736569945,6.64107269224752,-2.77495928251149,29.5603942204036
59.8,0,0.215938956104261,6.58503090971353,-2.77495928251149,29.5603942204036
59.85,0,0.0767217662362011,6.53061110581582,-2.77495928251149,29.5603942204036
59.9,0,0.0979173639579909,6.51149835882732,-3.80565858243915,29.3381361981357
59.95,0,0,6.46900592889908,-3.80565858243915,29.3381361981357
